"Series_ID","Year","Month","Value","Sector_Type","Inflation","Direct_Shock_Index","Network_Centrality","Tariff_Intensity","Labor_Reproduction_Shock","FEDFUNDS","PCTR_growth","DSPI_growth"
"CUUR0000SAA",2016,1,121.878,"Tradable",-0.529679172753761,58940.1194997629,1.60151987375084,0,0,0.34,3.9981740023586,3.23567566756901
"CUUR0000SAA",2016,2,125.567,"Tradable",0.891874301967748,58940.1194997629,1.60151987375084,0,0,0.38,3.98909999243055,2.72745579164832
"CUUR0000SAA",2016,3,127.427,"Tradable",-0.637841631252679,58940.1194997629,1.60151987375084,0,0,0.36,3.51707811971592,3.04676887250146
"CUUR0000SAA",2016,4,127.77,"Tradable",-0.640003732707063,58940.1194997629,1.60151987375084,0,0,0.37,3.32896951561623,2.85055247591056
"CUUR0000SAA",2016,5,127.758,"Tradable",0.531148934161137,58940.1194997629,1.60151987375084,0,0,0.37,3.1511900771036,2.51874796217804
"CUUR0000SAA",2016,6,125.472,"Tradable",0.414552555340366,58940.1194997629,1.60151987375084,0,0,0.38,3.06816913979694,2.50419459986844
"CUUR0000SAA",2016,7,123.03,"Tradable",0.345004771342584,58940.1194997629,1.60151987375084,0,0,0.39,3.10227104052248,2.59568981396205
"CUUR0000SAA",2016,8,124.871,"Tradable",0.260142757352644,58940.1194997629,1.60151987375084,0,0,0.4,3.33740786013262,2.62960566942101
"CUUR0000SAA",2016,9,128.429,"Tradable",-0.0863544421969737,58940.1194997629,1.60151987375084,0,0,0.4,3.32963374028857,2.93329417379493
"CUUR0000SAA",2016,10,130.328,"Tradable",0.681365202478257,58940.1194997629,1.60151987375084,0,0,0.4,3.80579367425362,3.15239379635873
"CUUR0000SAA",2016,11,127.377,"Tradable",0.266060028810046,58940.1194997629,1.60151987375084,0,0,0.41,3.37190448113208,3.42525973359905
"CUUR0000SAA",2016,12,122.637,"Tradable",-0.126229721805982,58940.1194997629,1.60151987375084,0,0,0.54,2.96899054321531,3.48776108946008
"CUUR0000SAA",2017,1,123.088,"Tradable",0.992796074763283,58940.1194997629,1.60151987375084,0,0,0.65,3.4055161313922,3.82793886919635
"CUUR0000SAA",2017,2,126.1,"Tradable",0.424474583290197,58940.1194997629,1.60151987375084,0,0,0.66,3.04265540835638,4.22976956250273
"CUUR0000SAA",2017,3,128.25,"Tradable",0.645859982578255,58940.1194997629,1.60151987375084,0,0,0.79,2.95110530327779,4.36404461828191
"CUUR0000SAA",2017,4,128.349,"Tradable",0.453158018314153,58940.1194997629,1.60151987375084,0,0,0.9,2.50135746606335,4.67495261383531
"CUUR0000SAA",2017,5,126.563,"Tradable",-0.935362169100951,58940.1194997629,1.60151987375084,0,0,0.91,2.44466110569457,5.26863611064931
"CUUR0000SAA",2017,6,124.63,"Tradable",-0.671066054577913,58940.1194997629,1.60151987375084,0,0,1.04,2.68817204301075,5.16148571181344
"CUUR0000SAA",2017,7,122.485,"Tradable",-0.442981386653663,58940.1194997629,1.60151987375084,0,0,1.15,2.79657356752087,5.06937263012755
"CUUR0000SAA",2017,8,124.147,"Tradable",-0.579798351899152,58940.1194997629,1.60151987375084,0,0,1.16,2.88192701985804,5.16457146950324
"CUUR0000SAA",2017,9,128.15,"Tradable",-0.217240654369337,58940.1194997629,1.60151987375084,0,0,1.15,3.22234156820623,5.31492973821243
"CUUR0000SAA",2017,10,129.57,"Tradable",-0.58160947762569,58940.1194997629,1.60151987375084,0,0,1.15,3.01131914287748,5.34756318523202
"CUUR0000SAA",2017,11,125.398,"Tradable",-1.55365568352214,58940.1194997629,1.60151987375084,0,0,1.16,2.49901964279348,5.34212707475861
"CUUR0000SAA",2017,12,120.614,"Tradable",-1.64958373084795,58940.1194997629,1.60151987375084,0,0,1.3,2.55588779723765,5.20941319172643
"CUUR0000SAA",2018,1,122.266,"Tradable",-0.667814896659291,58940.1194997629,1.60151987375084,8.9,14.2535268763825,1.41,3.68247904064523,5.3895985784444
"CUUR0000SAA",2018,2,126.587,"Tradable",0.386201427438548,58940.1194997629,1.60151987375084,8.9,14.2535268763825,1.42,3.72280305170953,5.40246858543925
"CUUR0000SAA",2018,3,128.604,"Tradable",0.276023391812876,58940.1194997629,1.60151987375084,8.9,14.2535268763825,1.51,4.03356603906636,5.5113301176389
"CUUR0000SAA",2018,4,129.365,"Tradable",0.791591675821409,58940.1194997629,1.60151987375084,8.9,14.2535268763825,1.69,4.46390733154401,5.5491816874931
"CUUR0000SAA",2018,5,128.362,"Tradable",1.42142648325339,58940.1194997629,1.60151987375084,8.9,14.2535268763825,1.7,4.55058160028198,5.39770386442913
"CUUR0000SAA",2018,6,125.382,"Tradable",0.603386022626984,58940.1194997629,1.60151987375084,8.9,14.2535268763825,1.82,4.50823992410133,5.77211856910704
"CUUR0000SAA",2018,7,122.831,"Tradable",0.282483569416666,58940.1194997629,1.60151987375084,8.9,14.2535268763825,1.91,4.47113196316657,6.00176341528429
"CUUR0000SAA",2018,8,122.447,"Tradable",-1.3693444062281,58940.1194997629,1.60151987375084,8.9,14.2535268763825,1.91,4.1913455508327,6.08452814766883
"CUUR0000SAA",2018,9,127.44,"Tradable",-0.554038236441676,58940.1194997629,1.60151987375084,8.9,14.2535268763825,1.95,3.80506416926812,5.69963627989515
"CUUR0000SAA",2018,10,129.108,"Tradable",-0.356564019448938,58940.1194997629,1.60151987375084,8.9,14.2535268763825,2.19,3.90117484450588,5.69191234495458
"CUUR0000SAA",2018,11,124.935,"Tradable",-0.369224389543688,58940.1194997629,1.60151987375084,8.9,14.2535268763825,2.2,4.54577072899278,5.69931809928582
"CUUR0000SAA",2018,12,120.526,"Tradable",-0.0729600212247401,58940.1194997629,1.60151987375084,8.9,14.2535268763825,2.27,4.79000347101701,6.74451028232834
"CUUR0000SAA",2019,1,122.422,"Tradable",0.127590662980707,58940.1194997629,1.60151987375084,14.4,23.0618861820122,2.4,5.56124189696349,5.85810443025371
"CUUR0000SAA",2019,2,125.631,"Tradable",-0.755211830598721,58940.1194997629,1.60151987375084,14.4,23.0618861820122,2.4,5.72090172308111,5.7441184245308
"CUUR0000SAA",2019,3,125.785,"Tradable",-2.19200024882587,58940.1194997629,1.60151987375084,14.4,23.0618861820122,2.41,5.72764861384125,5.53194848249642
"CUUR0000SAA",2019,4,125.542,"Tradable",-2.95520426699649,58940.1194997629,1.60151987375084,14.4,23.0618861820122,2.42,5.88235294117647,5.13302382838845
"CUUR0000SAA",2019,5,124.429,"Tradable",-3.06399090073386,58940.1194997629,1.60151987375084,14.4,23.0618861820122,2.39,5.94720339840195,4.66328332149813
"CUUR0000SAA",2019,6,123.749,"Tradable",-1.3024198050757,58940.1194997629,1.60151987375084,14.4,23.0618861820122,2.38,6.04196086342547,4.39526245162294
"CUUR0000SAA",2019,7,122.161,"Tradable",-0.545464907067436,58940.1194997629,1.60151987375084,14.4,23.0618861820122,2.4,5.92533011595951,4.10218714536264
"CUUR0000SAA",2019,8,123.641,"Tradable",0.975115764371526,58940.1194997629,1.60151987375084,14.4,23.0618861820122,2.13,5.8719277712757,4.26072886971262
"CUUR0000SAA",2019,9,127.009,"Tradable",-0.338198367859383,58940.1194997629,1.60151987375084,14.4,23.0618861820122,2.04,5.97787950679988,4.33882708771211
"CUUR0000SAA",2019,10,126.154,"Tradable",-2.28800693992627,58940.1194997629,1.60151987375084,14.4,23.0618861820122,1.83,5.80664471715055,4.22840806116066
"CUUR0000SAA",2019,11,122.986,"Tradable",-1.56001120582703,58940.1194997629,1.60151987375084,14.4,23.0618861820122,1.55,5.70544595628597,4.34223836820909
"CUUR0000SAA",2019,12,119.111,"Tradable",-1.17402054328526,58940.1194997629,1.60151987375084,14.4,23.0618861820122,1.55,4.71679364027824,2.71962323390895
"CUUR0000SAA",2020,1,120.853,"Tradable",-1.28163238633579,58940.1194997629,1.60151987375084,16.2,25.9446219547637,1.55,3.19004524886877,3.79755566842874
"CUUR0000SAA",2020,2,124.438,"Tradable",-0.949606386958631,58940.1194997629,1.60151987375084,16.2,25.9446219547637,1.58,2.90536623075437,3.9015823813214
"CUUR0000SAA",2020,3,123.815,"Tradable",-1.5661644870215,58940.1194997629,1.60151987375084,16.2,25.9446219547637,0.65,5.04872419540967,2.03694931312174
"CUUR0000SAA",2020,4,118.394,"Tradable",-5.69371206448838,58940.1194997629,1.60151987375084,16.2,25.9446219547637,0.05,105.593869731801,16.490819402576
"CUUR0000SAA",2020,5,114.582,"Tradable",-7.9137500100459,58940.1194997629,1.60151987375084,16.2,25.9446219547637,0.05,66.1352426412092,10.6762939217578
"CUUR0000SAA",2020,6,114.734,"Tradable",-7.28490735278669,58940.1194997629,1.60151987375084,16.2,25.9446219547637,0.08,55.0746694568629,10.3746344007899
"CUUR0000SAA",2020,7,114.267,"Tradable",-6.46196412930477,58940.1194997629,1.60151987375084,16.2,25.9446219547637,0.09,57.3498702777954,11.4097243728708
"CUUR0000SAA",2020,8,116.299,"Tradable",-5.93815967195348,58940.1194997629,1.60151987375084,16.2,25.9446219547637,0.1,31.2213764568397,6.81224751207015
"CUUR0000SAA",2020,9,119.354,"Tradable",-6.02713193553213,58940.1194997629,1.60151987375084,16.2,25.9446219547637,0.09,29.3321982595535,7.30284289460592
"CUUR0000SAA",2020,10,119.172,"Tradable",-5.53450544572507,58940.1194997629,1.60151987375084,16.2,25.9446219547637,0.09,21.3138456702813,6.68103448275863
"CUUR0000SAA",2020,11,116.602,"Tradable",-5.19083472915616,58940.1194997629,1.60151987375084,16.2,25.9446219547637,0.09,17.1240636998804,5.11640101949975
"CUUR0000SAA",2020,12,114.434,"Tradable",-3.92658948375885,58940.1194997629,1.60151987375084,16.2,25.9446219547637,0.09,20.0733852090846,5.92611611372959
"CUUR0000SAA",2021,1,117.785,"Tradable",-2.53862130025734,58940.1194997629,1.60151987375084,16.2,25.9446219547637,0.09,82.196886647665,16.6341442785769
"CUUR0000SAA",2021,2,119.998,"Tradable",-3.56804191645639,58940.1194997629,1.60151987375084,16.2,25.9446219547637,0.08,32.6718417428321,6.92129560013233
"CUUR0000SAA",2021,3,120.746,"Tradable",-2.47869805758592,58940.1194997629,1.60151987375084,16.2,25.9446219547637,0.07,150.987153275762,34.1408884327811
"CUUR0000SAA",2021,4,120.656,"Tradable",1.91056979238813,58940.1194997629,1.60151987375084,16.2,25.9446219547637,0.07,-25,0.202638037137839
"CUUR0000SAA",2021,5,120.951,"Tradable",5.55846468031628,58940.1194997629,1.60151987375084,16.2,25.9446219547637,0.06,-18.487588109102,2.91777039149189
"CUUR0000SAA",2021,6,120.324,"Tradable",4.87213903463664,58940.1194997629,1.60151987375084,16.2,25.9446219547637,0.08,-15.2098795722669,2.99588171752633
"CUUR0000SAA",2021,7,119.078,"Tradable",4.21031443898939,58940.1194997629,1.60151987375084,16.2,25.9446219547637,0.1,-14.9621973779458,2.91709058158347
"CUUR0000SAA",2021,8,121.194,"Tradable",4.2089785810712,58940.1194997629,1.60151987375084,16.2,25.9446219547637,0.09,1.45381023443893,6.93529974747184
"CUUR0000SAA",2021,9,123.406,"Tradable",3.39494277527356,58940.1194997629,1.60151987375084,16.2,25.9446219547637,0.08,-2.5963577854165,5.3200013736421
"CUUR0000SAA",2021,10,124.323,"Tradable",4.32232403584734,58940.1194997629,1.60151987375084,16.2,25.9446219547637,0.08,3.28790548243342,6.3424012855831
"CUUR0000SAA",2021,11,122.383,"Tradable",4.9578909452668,58940.1194997629,1.60151987375084,16.2,25.9446219547637,0.08,7.10466209861615,7.895912247017
"CUUR0000SAA",2021,12,121.068,"Tradable",5.79722809654473,58940.1194997629,1.60151987375084,16.2,25.9446219547637,0.08,5.31875658587988,7.52503246284808
"CUUR0000SAA",2022,1,124.079,"Tradable",5.34363458844505,58940.1194997629,1.60151987375084,16.2,25.9446219547637,0.08,-30.7804710331786,-5.32784974697116
"CUUR0000SAA",2022,2,127.868,"Tradable",6.55844264071067,58940.1194997629,1.60151987375084,16.2,25.9446219547637,0.08,-3.67102345113954,3.43943024943462
"CUUR0000SAA",2022,3,128.919,"Tradable",6.76875424444703,58940.1194997629,1.60151987375084,16.2,25.9446219547637,0.2,-50.1720343825607,-15.9453354827545
"CUUR0000SAA",2022,4,127.126,"Tradable",5.3623524731468,58940.1194997629,1.60151987375084,16.2,25.9446219547637,0.33,-14.6353584296186,-1.22350756621774
"CUUR0000SAA",2022,5,126.97,"Tradable",4.97639539979,58940.1194997629,1.60151987375084,16.2,25.9446219547637,0.77,-3.27568380486889,1.64922538867182
"CUUR0000SAA",2022,6,126.619,"Tradable",5.23170772248263,58940.1194997629,1.60151987375084,16.2,25.9446219547637,1.21,-0.713768989631067,2.33354636776296
"CUUR0000SAA",2022,7,125.188,"Tradable",5.13109054569274,58940.1194997629,1.60151987375084,16.2,25.9446219547637,1.68,-2.50407888203165,2.50326818569778
"CUUR0000SAA",2022,8,127.328,"Tradable",5.06130666534647,58940.1194997629,1.60151987375084,16.2,25.9446219547637,2.33,-2.01660735468565,3.20258794985847
"CUUR0000SAA",2022,9,130.143,"Tradable",5.45921592143007,58940.1194997629,1.60151987375084,16.2,25.9446219547637,2.56,3.45397206787805,4.75346850494259
"CUUR0000SAA",2022,10,129.414,"Tradable",4.09497840303081,58940.1194997629,1.60151987375084,16.2,25.9446219547637,3.08,5.97516618587733,4.85182766567184
"CUUR0000SAA",2022,11,126.728,"Tradable",3.55032970265478,58940.1194997629,1.60151987375084,16.2,25.9446219547637,3.78,6.40758674327003,4.88804064406871
"CUUR0000SAA",2022,12,124.587,"Tradable",2.90663098424027,58940.1194997629,1.60151987375084,16.2,25.9446219547637,4.1,6.53092873758723,5.33507948946402
"CUUR0000SAA",2023,1,127.875,"Tradable",3.05934122615431,58940.1194997629,1.60151987375084,16.2,25.9446219547637,4.33,4.45548242890847,10.089454247025
"CUUR0000SAA",2023,2,132.039,"Tradable",3.26195764382018,58940.1194997629,1.60151987375084,16.2,25.9446219547637,4.57,3.98481508694587,10.3450151188845
"CUUR0000SAA",2023,3,133.112,"Tradable",3.25242982027473,58940.1194997629,1.60151987375084,16.2,25.9446219547637,4.65,4.01376146788991,10.7319900963815
"CUUR0000SAA",2023,4,131.762,"Tradable",3.6467756399163,58940.1194997629,1.60151987375084,16.2,25.9446219547637,4.83,3.27705816717604,11.0258806497442
"CUUR0000SAA",2023,5,131.382,"Tradable",3.47483657556904,58940.1194997629,1.60151987375084,16.2,25.9446219547637,5.06,3.85549778922307,11.0718068092015
"CUUR0000SAA",2023,6,130.51,"Tradable",3.07299852312843,58940.1194997629,1.60151987375084,16.2,25.9446219547637,5.08,3.80822849370963,10.702942762129
"CUUR0000SAA",2023,7,129.172,"Tradable",3.18241364987059,58940.1194997629,1.60151987375084,16.2,25.9446219547637,5.12,3.1431897555297,9.63995109405962
"CUUR0000SAA",2023,8,131.262,"Tradable",3.08965820557929,58940.1194997629,1.60151987375084,16.2,25.9446219547637,5.33,2.99999999999999,9.17012773293629
"CUUR0000SAA",2023,9,133.157,"Tradable",2.31591403302522,58940.1194997629,1.60151987375084,16.2,25.9446219547637,5.33,2.89834034934921,8.8545341357128
"CUUR0000SAA",2023,10,132.786,"Tradable",2.60559135796746,58940.1194997629,1.60151987375084,16.2,25.9446219547637,5.33,0.75034913721684,8.42902805729846
"CUUR0000SAA",2023,11,128.093,"Tradable",1.07711003093239,58940.1194997629,1.60151987375084,16.2,25.9446219547637,5.33,0.438544785796795,8.5178142154928
"CUUR0000SAA",2023,12,125.794,"Tradable",0.96880091823384,58940.1194997629,1.60151987375084,16.2,25.9446219547637,5.33,0.561164592627369,8.36467027423644
"CUUR0000SAA",2024,1,127.946,"Tradable",0.0555229716520023,58940.1194997629,1.60151987375084,16.2,25.9446219547637,5.33,4.84081884971113,6.75542700381681
"CUUR0000SAA",2024,2,131.985,"Tradable",-0.0408970077022498,58940.1194997629,1.60151987375084,16.2,25.9446219547637,5.33,4.81192736180136,6.31450285365061
"CUUR0000SAA",2024,3,133.64,"Tradable",0.396658453032027,58940.1194997629,1.60151987375084,16.2,25.9446219547637,5.33,5.16784348682822,6.04438616748538
"CUUR0000SAA",2024,4,133.502,"Tradable",1.32056283298676,58940.1194997629,1.60151987375084,16.2,25.9446219547637,5.33,5.82004368555793,5.84391573006373
"CUUR0000SAA",2024,5,132.433,"Tradable",0.799957376200688,58940.1194997629,1.60151987375084,16.2,25.9446219547637,5.33,5.72411050550892,5.74372725160691
"CUUR0000SAA",2024,6,131.525,"Tradable",0.777718182514761,58940.1194997629,1.60151987375084,16.2,25.9446219547637,5.33,7.04693275934677,5.73262228051226
"CUUR0000SAA",2024,7,129.466,"Tradable",0.227603505403656,58940.1194997629,1.60151987375084,16.2,25.9446219547637,5.33,7.42099322799096,5.5219088269789
"CUUR0000SAA",2024,8,131.683,"Tradable",0.32073258064024,58940.1194997629,1.60151987375084,16.2,25.9446219547637,5.33,7.65650344389856,5.24195092071514
"CUUR0000SAA",2024,9,135.537,"Tradable",1.78736378861043,58940.1194997629,1.60151987375084,16.2,25.9446219547637,5.13,8.49948274240572,5.14468993651943
"CUUR0000SAA",2024,10,133.179,"Tradable",0.295964936062537,58940.1194997629,1.60151987375084,16.2,25.9446219547637,4.83,9.18381731040317,5.24929150229994
"CUUR0000SAA",2024,11,129.542,"Tradable",1.13120935570251,58940.1194997629,1.60151987375084,16.2,25.9446219547637,4.64,9.07063546092633,5.08324870698817
"CUUR0000SAA",2024,12,127.354,"Tradable",1.24012274035328,58940.1194997629,1.60151987375084,16.2,25.9446219547637,4.48,8.93319946765043,4.99506277331076
"CUUR0000SAA",2025,1,128.464,"Tradable",0.404858299595142,58940.1194997629,1.60151987375084,16.2,25.9446219547637,4.33,6.77627848962468,4.44301681959321
"CUUR0000SAD",2016,1,107.862,"Tradable",-0.564190497262025,58940.1194997629,1.60151987375084,0,0,0.34,3.9981740023586,3.23567566756901
"CUUR0000SAD",2016,2,108.252,"Tradable",-0.742696814655886,58940.1194997629,1.60151987375084,0,0,0.38,3.98909999243055,2.72745579164832
"CUUR0000SAD",2016,3,108.525,"Tradable",-0.969093049358042,58940.1194997629,1.60151987375084,0,0,0.36,3.51707811971592,3.04676887250146
"CUUR0000SAD",2016,4,108.676,"Tradable",-1.3936776394585,58940.1194997629,1.60151987375084,0,0,0.37,3.32896951561623,2.85055247591056
"CUUR0000SAD",2016,5,108.345,"Tradable",-1.68062651433342,58940.1194997629,1.60151987375084,0,0,0.37,3.1511900771036,2.51874796217804
"CUUR0000SAD",2016,6,107.832,"Tradable",-2.0145571518142,58940.1194997629,1.60151987375084,0,0,0.38,3.06816913979694,2.50419459986844
"CUUR0000SAD",2016,7,107.432,"Tradable",-2.0245868748404,58940.1194997629,1.60151987375084,0,0,0.39,3.10227104052248,2.59568981396205
"CUUR0000SAD",2016,8,106.982,"Tradable",-2.01947118246678,58940.1194997629,1.60151987375084,0,0,0.4,3.33740786013262,2.62960566942101
"CUUR0000SAD",2016,9,106.41,"Tradable",-2.32955171274369,58940.1194997629,1.60151987375084,0,0,0.4,3.32963374028857,2.93329417379493
"CUUR0000SAD",2016,10,106.123,"Tradable",-2.19078341013824,58940.1194997629,1.60151987375084,0,0,0.4,3.80579367425362,3.15239379635873
"CUUR0000SAD",2016,11,105.479,"Tradable",-2.26729425717622,58940.1194997629,1.60151987375084,0,0,0.41,3.37190448113208,3.42525973359905
"CUUR0000SAD",2016,12,105.431,"Tradable",-2.01488861420646,58940.1194997629,1.60151987375084,0,0,0.54,2.96899054321531,3.48776108946008
"CUUR0000SAD",2017,1,106.147,"Tradable",-1.5899946227587,58940.1194997629,1.60151987375084,0,0,0.65,3.4055161313922,3.82793886919635
"CUUR0000SAD",2017,2,106.326,"Tradable",-1.77918190887928,58940.1194997629,1.60151987375084,0,0,0.66,3.04265540835638,4.22976956250273
"CUUR0000SAD",2017,3,106.343,"Tradable",-2.01059663671965,58940.1194997629,1.60151987375084,0,0,0.79,2.95110530327779,4.36404461828191
"CUUR0000SAD",2017,4,106.397,"Tradable",-2.09705914829401,58940.1194997629,1.60151987375084,0,0,0.9,2.50135746606335,4.67495261383531
"CUUR0000SAD",2017,5,106.257,"Tradable",-1.92717707323826,58940.1194997629,1.60151987375084,0,0,0.91,2.44466110569457,5.26863611064931
"CUUR0000SAD",2017,6,105.917,"Tradable",-1.77591067586616,58940.1194997629,1.60151987375084,0,0,1.04,2.68817204301075,5.16148571181344
"CUUR0000SAD",2017,7,105.298,"Tradable",-1.98637277533696,58940.1194997629,1.60151987375084,0,0,1.15,2.79657356752087,5.06937263012755
"CUUR0000SAD",2017,8,104.9,"Tradable",-1.94612177749527,58940.1194997629,1.60151987375084,0,0,1.16,2.88192701985804,5.16457146950324
"CUUR0000SAD",2017,9,104.175,"Tradable",-2.10036650690725,58940.1194997629,1.60151987375084,0,0,1.15,3.22234156820623,5.31492973821243
"CUUR0000SAD",2017,10,103.838,"Tradable",-2.15316189704401,58940.1194997629,1.60151987375084,0,0,1.15,3.01131914287748,5.34756318523202
"CUUR0000SAD",2017,11,103.714,"Tradable",-1.67331885967823,58940.1194997629,1.60151987375084,0,0,1.16,2.49901964279348,5.34212707475861
"CUUR0000SAD",2017,12,104.083,"Tradable",-1.27856133395301,58940.1194997629,1.60151987375084,0,0,1.3,2.55588779723765,5.20941319172643
"CUUR0000SAD",2018,1,104.433,"Tradable",-1.6147418203058,58940.1194997629,1.60151987375084,8.9,14.2535268763825,1.41,3.68247904064523,5.3895985784444
"CUUR0000SAD",2018,2,104.626,"Tradable",-1.59885634745969,58940.1194997629,1.60151987375084,8.9,14.2535268763825,1.42,3.72280305170953,5.40246858543925
"CUUR0000SAD",2018,3,105.046,"Tradable",-1.2196383400882,58940.1194997629,1.60151987375084,8.9,14.2535268763825,1.51,4.03356603906636,5.5113301176389
"CUUR0000SAD",2018,4,104.891,"Tradable",-1.41545344323618,58940.1194997629,1.60151987375084,8.9,14.2535268763825,1.69,4.46390733154401,5.5491816874931
"CUUR0000SAD",2018,5,104.583,"Tradable",-1.57542561901805,58940.1194997629,1.60151987375084,8.9,14.2535268763825,1.7,4.55058160028198,5.39770386442913
"CUUR0000SAD",2018,6,104.636,"Tradable",-1.20943757848127,58940.1194997629,1.60151987375084,8.9,14.2535268763825,1.82,4.50823992410133,5.77211856910704
"CUUR0000SAD",2018,7,104.864,"Tradable",-0.412163573857051,58940.1194997629,1.60151987375084,8.9,14.2535268763825,1.91,4.47113196316657,6.00176341528429
"CUUR0000SAD",2018,8,104.669,"Tradable",-0.220209723546243,58940.1194997629,1.60151987375084,8.9,14.2535268763825,1.91,4.1913455508327,6.08452814766883
"CUUR0000SAD",2018,9,103.488,"Tradable",-0.659467242620588,58940.1194997629,1.60151987375084,8.9,14.2535268763825,1.95,3.80506416926812,5.69963627989515
"CUUR0000SAD",2018,10,103.726,"Tradable",-0.10786032088445,58940.1194997629,1.60151987375084,8.9,14.2535268763825,2.19,3.90117484450588,5.69191234495458
"CUUR0000SAD",2018,11,103.913,"Tradable",0.191873806814893,58940.1194997629,1.60151987375084,8.9,14.2535268763825,2.2,4.54577072899278,5.69931809928582
"CUUR0000SAD",2018,12,104.169,"Tradable",0.0826263654967656,58940.1194997629,1.60151987375084,8.9,14.2535268763825,2.27,4.79000347101701,6.74451028232834
"CUUR0000SAD",2019,1,104.808,"Tradable",0.359081899399615,58940.1194997629,1.60151987375084,14.4,23.0618861820122,2.4,5.56124189696349,5.85810443025371
"CUUR0000SAD",2019,2,105.042,"Tradable",0.397606713436428,58940.1194997629,1.60151987375084,14.4,23.0618861820122,2.4,5.72090172308111,5.7441184245308
"CUUR0000SAD",2019,3,105.379,"Tradable",0.317003979209107,58940.1194997629,1.60151987375084,14.4,23.0618861820122,2.41,5.72764861384125,5.53194848249642
"CUUR0000SAD",2019,4,105.178,"Tradable",0.27361737422657,58940.1194997629,1.60151987375084,14.4,23.0618861820122,2.42,5.88235294117647,5.13302382838845
"CUUR0000SAD",2019,5,104.849,"Tradable",0.25434344013846,58940.1194997629,1.60151987375084,14.4,23.0618861820122,2.39,5.94720339840195,4.66328332149813
"CUUR0000SAD",2019,6,105.167,"Tradable",0.507473527275513,58940.1194997629,1.60151987375084,14.4,23.0618861820122,2.38,6.04196086342547,4.39526245162294
"CUUR0000SAD",2019,7,105.369,"Tradable",0.481576136710401,58940.1194997629,1.60151987375084,14.4,23.0618861820122,2.4,5.92533011595951,4.10218714536264
"CUUR0000SAD",2019,8,105.331,"Tradable",0.632469976783963,58940.1194997629,1.60151987375084,14.4,23.0618861820122,2.13,5.8719277712757,4.26072886971262
"CUUR0000SAD",2019,9,104.385,"Tradable",0.866767161410024,58940.1194997629,1.60151987375084,14.4,23.0618861820122,2.04,5.97787950679988,4.33882708771211
"CUUR0000SAD",2019,10,104.263,"Tradable",0.517710120895442,58940.1194997629,1.60151987375084,14.4,23.0618861820122,1.83,5.80664471715055,4.22840806116066
"CUUR0000SAD",2019,11,103.902,"Tradable",-0.0105857784877693,58940.1194997629,1.60151987375084,14.4,23.0618861820122,1.55,5.70544595628597,4.34223836820909
"CUUR0000SAD",2019,12,103.695,"Tradable",-0.455029807332319,58940.1194997629,1.60151987375084,14.4,23.0618861820122,1.55,4.71679364027824,2.71962323390895
"CUUR0000SAD",2020,1,103.896,"Tradable",-0.870162583008936,58940.1194997629,1.60151987375084,16.2,25.9446219547637,1.55,3.19004524886877,3.79755566842874
"CUUR0000SAD",2020,2,104.421,"Tradable",-0.59119209459073,58940.1194997629,1.60151987375084,16.2,25.9446219547637,1.58,2.90536623075437,3.9015823813214
"CUUR0000SAD",2020,3,104.703,"Tradable",-0.641494035813589,58940.1194997629,1.60151987375084,16.2,25.9446219547637,0.65,5.04872419540967,2.03694931312174
"CUUR0000SAD",2020,4,104.336,"Tradable",-0.800547643043221,58940.1194997629,1.60151987375084,16.2,25.9446219547637,0.05,105.593869731801,16.490819402576
"CUUR0000SAD",2020,5,104.309,"Tradable",-0.515026371257719,58940.1194997629,1.60151987375084,16.2,25.9446219547637,0.05,66.1352426412092,10.6762939217578
"CUUR0000SAD",2020,6,104.188,"Tradable",-0.930900377494841,58940.1194997629,1.60151987375084,16.2,25.9446219547637,0.08,55.0746694568629,10.3746344007899
"CUUR0000SAD",2020,7,105.252,"Tradable",-0.111038350938136,58940.1194997629,1.60151987375084,16.2,25.9446219547637,0.09,57.3498702777954,11.4097243728708
"CUUR0000SAD",2020,8,106.97,"Tradable",1.55604712762624,58940.1194997629,1.60151987375084,16.2,25.9446219547637,0.1,31.2213764568397,6.81224751207015
"CUUR0000SAD",2020,9,107.474,"Tradable",2.95923743832926,58940.1194997629,1.60151987375084,16.2,25.9446219547637,0.09,29.3321982595535,7.30284289460592
"CUUR0000SAD",2020,10,107.819,"Tradable",3.41060587168986,58940.1194997629,1.60151987375084,16.2,25.9446219547637,0.09,21.3138456702813,6.68103448275863
"CUUR0000SAD",2020,11,107.612,"Tradable",3.57067236434332,58940.1194997629,1.60151987375084,16.2,25.9446219547637,0.09,17.1240636998804,5.11640101949975
"CUUR0000SAD",2020,12,107.691,"Tradable",3.85360914219587,58940.1194997629,1.60151987375084,16.2,25.9446219547637,0.09,20.0733852090846,5.92611611372959
"CUUR0000SAD",2021,1,107.517,"Tradable",3.48521598521598,58940.1194997629,1.60151987375084,16.2,25.9446219547637,0.09,82.196886647665,16.6341442785769
"CUUR0000SAD",2021,2,107.893,"Tradable",3.3250016759081,58940.1194997629,1.60151987375084,16.2,25.9446219547637,0.08,32.6718417428321,6.92129560013233
"CUUR0000SAD",2021,3,108.597,"Tradable",3.71909114352023,58940.1194997629,1.60151987375084,16.2,25.9446219547637,0.07,150.987153275762,34.1408884327811
"CUUR0000SAD",2021,4,111.983,"Tradable",7.32920564330625,58940.1194997629,1.60151987375084,16.2,25.9446219547637,0.07,-25,0.202638037137839
"CUUR0000SAD",2021,5,115.051,"Tradable",10.2982484732861,58940.1194997629,1.60151987375084,16.2,25.9446219547637,0.06,-18.487588109102,2.91777039149189
"CUUR0000SAD",2021,6,119.434,"Tradable",14.6331631281913,58940.1194997629,1.60151987375084,16.2,25.9446219547637,0.08,-15.2098795722669,2.99588171752633
"CUUR0000SAD",2021,7,120.31,"Tradable",14.3066165013492,58940.1194997629,1.60151987375084,16.2,25.9446219547637,0.1,-14.9621973779458,2.91709058158347
"CUUR0000SAD",2021,8,120.666,"Tradable",12.8035897915303,58940.1194997629,1.60151987375084,16.2,25.9446219547637,0.09,1.45381023443893,6.93529974747184
"CUUR0000SAD",2021,9,120.107,"Tradable",11.7544708487634,58940.1194997629,1.60151987375084,16.2,25.9446219547637,0.08,-2.5963577854165,5.3200013736421
"CUUR0000SAD",2021,10,122.097,"Tradable",13.2425639265806,58940.1194997629,1.60151987375084,16.2,25.9446219547637,0.08,3.28790548243342,6.3424012855831
"CUUR0000SAD",2021,11,123.678,"Tradable",14.9295617589116,58940.1194997629,1.60151987375084,16.2,25.9446219547637,0.08,7.10466209861615,7.895912247017
"CUUR0000SAD",2021,12,125.747,"Tradable",16.7664893073702,58940.1194997629,1.60151987375084,16.2,25.9446219547637,0.08,5.31875658587988,7.52503246284808
"CUUR0000SAD",2022,1,127.345,"Tradable",18.4417347954277,58940.1194997629,1.60151987375084,16.2,25.9446219547637,0.08,-30.7804710331786,-5.32784974697116
"CUUR0000SAD",2022,2,128.109,"Tradable",18.7370821091266,58940.1194997629,1.60151987375084,16.2,25.9446219547637,0.08,-3.67102345113954,3.43943024943462
"CUUR0000SAD",2022,3,127.471,"Tradable",17.37985395545,58940.1194997629,1.60151987375084,16.2,25.9446219547637,0.2,-50.1720343825607,-15.9453354827545
"CUUR0000SAD",2022,4,127.622,"Tradable",13.9655126224516,58940.1194997629,1.60151987375084,16.2,25.9446219547637,0.33,-14.6353584296186,-1.22350756621774
"CUUR0000SAD",2022,5,128.122,"Tradable",11.3610485784565,58940.1194997629,1.60151987375084,16.2,25.9446219547637,0.77,-3.27568380486889,1.64922538867182
"CUUR0000SAD",2022,6,129.464,"Tradable",8.39794363414103,58940.1194997629,1.60151987375084,16.2,25.9446219547637,1.21,-0.713768989631067,2.33354636776296
"CUUR0000SAD",2022,7,129.856,"Tradable",7.93450253511761,58940.1194997629,1.60151987375084,16.2,25.9446219547637,1.68,-2.50407888203165,2.50326818569778
"CUUR0000SAD",2022,8,130.123,"Tradable",7.8373361178791,58940.1194997629,1.60151987375084,16.2,25.9446219547637,2.33,-2.01660735468565,3.20258794985847
"CUUR0000SAD",2022,9,128.688,"Tradable",7.14446285395521,58940.1194997629,1.60151987375084,16.2,25.9446219547637,2.56,3.45397206787805,4.75346850494259
"CUUR0000SAD",2022,10,127.903,"Tradable",4.75523559137408,58940.1194997629,1.60151987375084,16.2,25.9446219547637,3.08,5.97516618587733,4.85182766567184
"CUUR0000SAD",2022,11,126.596,"Tradable",2.3593525121687,58940.1194997629,1.60151987375084,16.2,25.9446219547637,3.78,6.40758674327003,4.88804064406871
"CUUR0000SAD",2022,12,125.624,"Tradable",-0.0978154548418687,58940.1194997629,1.60151987375084,16.2,25.9446219547637,4.1,6.53092873758723,5.33507948946402
"CUUR0000SAD",2023,1,125.749,"Tradable",-1.25328831128038,58940.1194997629,1.60151987375084,16.2,25.9446219547637,4.33,4.45548242890847,10.089454247025
"CUUR0000SAD",2023,2,125.825,"Tradable",-1.78285678601816,58940.1194997629,1.60151987375084,16.2,25.9446219547637,4.57,3.98481508694587,10.3450151188845
"CUUR0000SAD",2023,3,126.227,"Tradable",-0.975908245797083,58940.1194997629,1.60151987375084,16.2,25.9446219547637,4.65,4.01376146788991,10.7319900963815
"CUUR0000SAD",2023,4,127.406,"Tradable",-0.169249815862464,58940.1194997629,1.60151987375084,16.2,25.9446219547637,4.83,3.27705816717604,11.0258806497442
"CUUR0000SAD",2023,5,128.059,"Tradable",-0.0491718830489819,58940.1194997629,1.60151987375084,16.2,25.9446219547637,5.06,3.85549778922307,11.0718068092015
"CUUR0000SAD",2023,6,128.392,"Tradable",-0.828029413582156,58940.1194997629,1.60151987375084,16.2,25.9446219547637,5.08,3.80822849370963,10.702942762129
"CUUR0000SAD",2023,7,128.029,"Tradable",-1.4069430754066,58940.1194997629,1.60151987375084,16.2,25.9446219547637,5.12,3.1431897555297,9.63995109405962
"CUUR0000SAD",2023,8,127.556,"Tradable",-1.97274886069334,58940.1194997629,1.60151987375084,16.2,25.9446219547637,5.33,2.99999999999999,9.17012773293629
"CUUR0000SAD",2023,9,125.849,"Tradable",-2.20611090389157,58940.1194997629,1.60151987375084,16.2,25.9446219547637,5.33,2.89834034934921,8.8545341357128
"CUUR0000SAD",2023,10,125.259,"Tradable",-2.06719154359163,58940.1194997629,1.60151987375084,16.2,25.9446219547637,5.33,0.75034913721684,8.42902805729846
"CUUR0000SAD",2023,11,124.57,"Tradable",-1.60036652026921,58940.1194997629,1.60151987375084,16.2,25.9446219547637,5.33,0.438544785796795,8.5178142154928
"CUUR0000SAD",2023,12,124.061,"Tradable",-1.24418900846971,58940.1194997629,1.60151987375084,16.2,25.9446219547637,5.33,0.561164592627369,8.36467027423644
"CUUR0000SAD",2024,1,123.752,"Tradable",-1.58808419947674,58940.1194997629,1.60151987375084,16.2,25.9446219547637,5.33,4.84081884971113,6.75542700381681
"CUUR0000SAD",2024,2,123.847,"Tradable",-1.57202463739321,58940.1194997629,1.60151987375084,16.2,25.9446219547637,5.33,4.81192736180136,6.31450285365061
"CUUR0000SAD",2024,3,123.613,"Tradable",-2.07087231733306,58940.1194997629,1.60151987375084,16.2,25.9446219547637,5.33,5.16784348682822,6.04438616748538
"CUUR0000SAD",2024,4,123.372,"Tradable",-3.16625590631525,58940.1194997629,1.60151987375084,16.2,25.9446219547637,5.33,5.82004368555793,5.84391573006373
"CUUR0000SAD",2024,5,123.167,"Tradable",-3.82011416612655,58940.1194997629,1.60151987375084,16.2,25.9446219547637,5.33,5.72411050550892,5.74372725160691
"CUUR0000SAD",2024,6,123.098,"Tradable",-4.1233098635429,58940.1194997629,1.60151987375084,16.2,25.9446219547637,5.33,7.04693275934677,5.73262228051226
"CUUR0000SAD",2024,7,122.734,"Tradable",-4.13578173695022,58940.1194997629,1.60151987375084,16.2,25.9446219547637,5.33,7.42099322799096,5.5219088269789
"CUUR0000SAD",2024,8,122.201,"Tradable",-4.1981561039857,58940.1194997629,1.60151987375084,16.2,25.9446219547637,5.33,7.65650344389856,5.24195092071514
"CUUR0000SAD",2024,9,122.204,"Tradable",-2.89632813927803,58940.1194997629,1.60151987375084,16.2,25.9446219547637,5.13,8.49948274240572,5.14468993651943
"CUUR0000SAD",2024,10,122.18,"Tradable",-2.45810680270479,58940.1194997629,1.60151987375084,16.2,25.9446219547637,4.83,9.18381731040317,5.24929150229994
"CUUR0000SAD",2024,11,122.061,"Tradable",-2.01412860239222,58940.1194997629,1.60151987375084,16.2,25.9446219547637,4.64,9.07063546092633,5.08324870698817
"CUUR0000SAD",2024,12,121.747,"Tradable",-1.86521146855177,58940.1194997629,1.60151987375084,16.2,25.9446219547637,4.48,8.93319946765043,4.99506277331076
"CUUR0000SAD",2025,1,122.26,"Tradable",-1.20563708061283,58940.1194997629,1.60151987375084,16.2,25.9446219547637,4.33,6.77627848962468,4.44301681959321
"CUUR0000SAM",2016,1,454.175,"Non-Tradable",2.99476833972457,4350.50576869824,1.82803598030164,0,0,0.34,3.9981740023586,3.23567566756901
"CUUR0000SAM",2016,2,458.295,"Non-Tradable",3.50329619700847,4350.50576869824,1.82803598030164,0,0,0.38,3.98909999243055,2.72745579164832
"CUUR0000SAM",2016,3,458.62,"Non-Tradable",3.28814017386605,4350.50576869824,1.82803598030164,0,0,0.36,3.51707811971592,3.04676887250146
"CUUR0000SAM",2016,4,459.994,"Non-Tradable",2.98457673906279,4350.50576869824,1.82803598030164,0,0,0.37,3.32896951561623,2.85055247591056
"CUUR0000SAM",2016,5,461.23,"Non-Tradable",3.13430065762847,4350.50576869824,1.82803598030164,0,0,0.37,3.1511900771036,2.51874796217804
"CUUR0000SAM",2016,6,462.075,"Non-Tradable",3.54134595346773,4350.50576869824,1.82803598030164,0,0,0.38,3.06816913979694,2.50419459986844
"CUUR0000SAM",2016,7,464.164,"Non-Tradable",3.89258079606421,4350.50576869824,1.82803598030164,0,0,0.39,3.10227104052248,2.59568981396205
"CUUR0000SAM",2016,8,468.379,"Non-Tradable",4.89165487217156,4350.50576869824,1.82803598030164,0,0,0.4,3.33740786013262,2.62960566942101
"CUUR0000SAM",2016,9,469.154,"Non-Tradable",4.8883384120781,4350.50576869824,1.82803598030164,0,0,0.4,3.32963374028857,2.93329417379493
"CUUR0000SAM",2016,10,469.23,"Non-Tradable",4.25827380489485,4350.50576869824,1.82803598030164,0,0,0.4,3.80579367425362,3.15239379635873
"CUUR0000SAM",2016,11,469.333,"Non-Tradable",3.97943155408745,4350.50576869824,1.82803598030164,0,0,0.41,3.37190448113208,3.42525973359905
"CUUR0000SAM",2016,12,469.447,"Non-Tradable",4.07362904370034,4350.50576869824,1.82803598030164,0,0,0.54,2.96899054321531,3.48776108946008
"CUUR0000SAM",2017,1,471.7,"Non-Tradable",3.85864479550833,4350.50576869824,1.82803598030164,0,0,0.65,3.4055161313922,3.82793886919635
"CUUR0000SAM",2017,2,474.546,"Non-Tradable",3.54596929925048,4350.50576869824,1.82803598030164,0,0,0.66,3.04265540835638,4.22976956250273
"CUUR0000SAM",2017,3,474.561,"Non-Tradable",3.47586236971784,4350.50576869824,1.82803598030164,0,0,0.79,2.95110530327779,4.36404461828191
"CUUR0000SAM",2017,4,473.582,"Non-Tradable",2.95395157328138,4350.50576869824,1.82803598030164,0,0,0.9,2.50135746606335,4.67495261383531
"CUUR0000SAM",2017,5,473.512,"Non-Tradable",2.66287969126032,4350.50576869824,1.82803598030164,0,0,0.91,2.44466110569457,5.26863611064931
"CUUR0000SAM",2017,6,474.36,"Non-Tradable",2.65865930855381,4350.50576869824,1.82803598030164,0,0,1.04,2.68817204301075,5.16148571181344
"CUUR0000SAM",2017,7,476.126,"Non-Tradable",2.57710636757697,4350.50576869824,1.82803598030164,0,0,1.15,2.79657356752087,5.06937263012755
"CUUR0000SAM",2017,8,476.869,"Non-Tradable",1.81263463989633,4350.50576869824,1.82803598030164,0,0,1.16,2.88192701985804,5.16457146950324
"CUUR0000SAM",2017,9,476.485,"Non-Tradable",1.56259991388755,4350.50576869824,1.82803598030164,0,0,1.15,3.22234156820623,5.31492973821243
"CUUR0000SAM",2017,10,477.121,"Non-Tradable",1.68169128146111,4350.50576869824,1.82803598030164,0,0,1.15,3.01131914287748,5.34756318523202
"CUUR0000SAM",2017,11,477.198,"Non-Tradable",1.67578244018638,4350.50576869824,1.82803598030164,0,0,1.16,2.49901964279348,5.34212707475861
"CUUR0000SAM",2017,12,477.802,"Non-Tradable",1.77975362500986,4350.50576869824,1.82803598030164,0,0,1.3,2.55588779723765,5.20941319172643
"CUUR0000SAM",2018,1,481.06,"Non-Tradable",1.98431206275175,4350.50576869824,1.82803598030164,8.9,16.2695202246846,1.41,3.68247904064523,5.3895985784444
"CUUR0000SAM",2018,2,482.897,"Non-Tradable",1.75978724928669,4350.50576869824,1.82803598030164,8.9,16.2695202246846,1.42,3.72280305170953,5.40246858543925
"CUUR0000SAM",2018,3,483.984,"Non-Tradable",1.98562460884902,4350.50576869824,1.82803598030164,8.9,16.2695202246846,1.51,4.03356603906636,5.5113301176389
"CUUR0000SAM",2018,4,484.034,"Non-Tradable",2.20700955695107,4350.50576869824,1.82803598030164,8.9,16.2695202246846,1.69,4.46390733154401,5.5491816874931
"CUUR0000SAM",2018,5,484.853,"Non-Tradable",2.39508185642603,4350.50576869824,1.82803598030164,8.9,16.2695202246846,1.7,4.55058160028198,5.39770386442913
"CUUR0000SAM",2018,6,486.019,"Non-Tradable",2.45783792899907,4350.50576869824,1.82803598030164,8.9,16.2695202246846,1.82,4.50823992410133,5.77211856910704
"CUUR0000SAM",2018,7,485.193,"Non-Tradable",1.90432784599035,4350.50576869824,1.82803598030164,8.9,16.2695202246846,1.91,4.47113196316657,6.00176341528429
"CUUR0000SAM",2018,8,484.172,"Non-Tradable",1.53144783997282,4350.50576869824,1.82803598030164,8.9,16.2695202246846,1.91,4.1913455508327,6.08452814766883
"CUUR0000SAM",2018,9,484.708,"Non-Tradable",1.72576261582212,4350.50576869824,1.82803598030164,8.9,16.2695202246846,1.95,3.80506416926812,5.69963627989515
"CUUR0000SAM",2018,10,485.269,"Non-Tradable",1.7077428995999,4350.50576869824,1.82803598030164,8.9,16.2695202246846,2.19,3.90117484450588,5.69191234495458
"CUUR0000SAM",2018,11,486.886,"Non-Tradable",2.03018453555967,4350.50576869824,1.82803598030164,8.9,16.2695202246846,2.2,4.54577072899278,5.69931809928582
"CUUR0000SAM",2018,12,487.409,"Non-Tradable",2.01066550579528,4350.50576869824,1.82803598030164,8.9,16.2695202246846,2.27,4.79000347101701,6.74451028232834
"CUUR0000SAM",2019,1,490.204,"Non-Tradable",1.90080239471168,4350.50576869824,1.82803598030164,14.4,26.3237181163436,2.4,5.56124189696349,5.85810443025371
"CUUR0000SAM",2019,2,491.227,"Non-Tradable",1.72500553948357,4350.50576869824,1.82803598030164,14.4,26.3237181163436,2.4,5.72090172308111,5.7441184245308
"CUUR0000SAM",2019,3,492.306,"Non-Tradable",1.71947832986214,4350.50576869824,1.82803598030164,14.4,26.3237181163436,2.41,5.72764861384125,5.53194848249642
"CUUR0000SAM",2019,4,493.331,"Non-Tradable",1.92073284108142,4350.50576869824,1.82803598030164,14.4,26.3237181163436,2.42,5.88235294117647,5.13302382838845
"CUUR0000SAM",2019,5,494.928,"Non-Tradable",2.07794939909622,4350.50576869824,1.82803598030164,14.4,26.3237181163436,2.39,5.94720339840195,4.66328332149813
"CUUR0000SAM",2019,6,495.563,"Non-Tradable",1.9637092377047,4350.50576869824,1.82803598030164,14.4,26.3237181163436,2.38,6.04196086342547,4.39526245162294
"CUUR0000SAM",2019,7,497.687,"Non-Tradable",2.57505776052005,4350.50576869824,1.82803598030164,14.4,26.3237181163436,2.4,5.92533011595951,4.10218714536264
"CUUR0000SAM",2019,8,500.916,"Non-Tradable",3.45827515841477,4350.50576869824,1.82803598030164,14.4,26.3237181163436,2.13,5.8719277712757,4.26072886971262
"CUUR0000SAM",2019,9,501.468,"Non-Tradable",3.45775188360827,4350.50576869824,1.82803598030164,14.4,26.3237181163436,2.04,5.97787950679988,4.33882708771211
"CUUR0000SAM",2019,10,506.1,"Non-Tradable",4.29267066307553,4350.50576869824,1.82803598030164,14.4,26.3237181163436,1.83,5.80664471715055,4.22840806116066
"CUUR0000SAM",2019,11,507.541,"Non-Tradable",4.24226615675948,4350.50576869824,1.82803598030164,14.4,26.3237181163436,1.55,5.70544595628597,4.34223836820909
"CUUR0000SAM",2019,12,509.689,"Non-Tradable",4.57110968406411,4350.50576869824,1.82803598030164,14.4,26.3237181163436,1.55,4.71679364027824,2.71962323390895
"CUUR0000SAM",2020,1,512.149,"Non-Tradable",4.47670765640427,4350.50576869824,1.82803598030164,16.2,29.6141828808865,1.55,3.19004524886877,3.79755566842874
"CUUR0000SAM",2020,2,513.923,"Non-Tradable",4.62026720843928,4350.50576869824,1.82803598030164,16.2,29.6141828808865,1.58,2.90536623075437,3.9015823813214
"CUUR0000SAM",2020,3,515.605,"Non-Tradable",4.73262564340066,4350.50576869824,1.82803598030164,16.2,29.6141828808865,0.65,5.04872419540967,2.03694931312174
"CUUR0000SAM",2020,4,517.053,"Non-Tradable",4.8085362565904,4350.50576869824,1.82803598030164,16.2,29.6141828808865,0.05,105.593869731801,16.490819402576
"CUUR0000SAM",2020,5,519.194,"Non-Tradable",4.90293537645879,4350.50576869824,1.82803598030164,16.2,29.6141828808865,0.05,66.1352426412092,10.6762939217578
"CUUR0000SAM",2020,6,520.734,"Non-Tradable",5.07927347279762,4350.50576869824,1.82803598030164,16.2,29.6141828808865,0.08,55.0746694568629,10.3746344007899
"CUUR0000SAM",2020,7,522.686,"Non-Tradable",5.02303656715969,4350.50576869824,1.82803598030164,16.2,29.6141828808865,0.09,57.3498702777954,11.4097243728708
"CUUR0000SAM",2020,8,523.295,"Non-Tradable",4.46761532871778,4350.50576869824,1.82803598030164,16.2,29.6141828808865,0.1,31.2213764568397,6.81224751207015
"CUUR0000SAM",2020,9,522.528,"Non-Tradable",4.19966976955658,4350.50576869824,1.82803598030164,16.2,29.6141828808865,0.09,29.3321982595535,7.30284289460592
"CUUR0000SAM",2020,10,520.725,"Non-Tradable",2.88974510966212,4350.50576869824,1.82803598030164,16.2,29.6141828808865,0.09,21.3138456702813,6.68103448275863
"CUUR0000SAM",2020,11,519.848,"Non-Tradable",2.42482873304816,4350.50576869824,1.82803598030164,16.2,29.6141828808865,0.09,17.1240636998804,5.11640101949975
"CUUR0000SAM",2020,12,518.766,"Non-Tradable",1.7808899152228,4350.50576869824,1.82803598030164,16.2,29.6141828808865,0.09,20.0733852090846,5.92611611372959
"CUUR0000SAM",2021,1,522.133,"Non-Tradable",1.94943268462889,4350.50576869824,1.82803598030164,16.2,29.6141828808865,0.09,82.196886647665,16.6341442785769
"CUUR0000SAM",2021,2,524.207,"Non-Tradable",2.00107798249932,4350.50576869824,1.82803598030164,16.2,29.6141828808865,0.08,32.6718417428321,6.92129560013233
"CUUR0000SAM",2021,3,524.734,"Non-Tradable",1.77054140281805,4350.50576869824,1.82803598030164,16.2,29.6141828808865,0.07,150.987153275762,34.1408884327811
"CUUR0000SAM",2021,4,524.585,"Non-Tradable",1.45671720307203,4350.50576869824,1.82803598030164,16.2,29.6141828808865,0.07,-25,0.202638037137839
"CUUR0000SAM",2021,5,523.918,"Non-Tradable",0.909871839813258,4350.50576869824,1.82803598030164,16.2,29.6141828808865,0.06,-18.487588109102,2.91777039149189
"CUUR0000SAM",2021,6,522.989,"Non-Tradable",0.433042589882742,4350.50576869824,1.82803598030164,16.2,29.6141828808865,0.08,-15.2098795722669,2.99588171752633
"CUUR0000SAM",2021,7,524.219,"Non-Tradable",0.293292722590621,4350.50576869824,1.82803598030164,16.2,29.6141828808865,0.1,-14.9621973779458,2.91709058158347
"CUUR0000SAM",2021,8,525.247,"Non-Tradable",0.373020953764129,4350.50576869824,1.82803598030164,16.2,29.6141828808865,0.09,1.45381023443893,6.93529974747184
"CUUR0000SAM",2021,9,524.818,"Non-Tradable",0.438254026578473,4350.50576869824,1.82803598030164,16.2,29.6141828808865,0.08,-2.5963577854165,5.3200013736421
"CUUR0000SAM",2021,10,527.564,"Non-Tradable",1.31336117912525,4350.50576869824,1.82803598030164,16.2,29.6141828808865,0.08,3.28790548243342,6.3424012855831
"CUUR0000SAM",2021,11,528.877,"Non-Tradable",1.7368538495868,4350.50576869824,1.82803598030164,16.2,29.6141828808865,0.08,7.10466209861615,7.895912247017
"CUUR0000SAM",2021,12,530.026,"Non-Tradable",2.17053546300259,4350.50576869824,1.82803598030164,16.2,29.6141828808865,0.08,5.31875658587988,7.52503246284808
"CUUR0000SAM",2022,1,535.048,"Non-Tradable",2.47350770780624,4350.50576869824,1.82803598030164,16.2,29.6141828808865,0.08,-30.7804710331786,-5.32784974697116
"CUUR0000SAM",2022,2,536.932,"Non-Tradable",2.4274761687654,4350.50576869824,1.82803598030164,16.2,29.6141828808865,0.08,-3.67102345113954,3.43943024943462
"CUUR0000SAM",2022,3,539.739,"Non-Tradable",2.85954407375928,4350.50576869824,1.82803598030164,16.2,29.6141828808865,0.2,-50.1720343825607,-15.9453354827545
"CUUR0000SAM",2022,4,541.515,"Non-Tradable",3.22731301886252,4350.50576869824,1.82803598030164,16.2,29.6141828808865,0.33,-14.6353584296186,-1.22350756621774
"CUUR0000SAM",2022,5,543.488,"Non-Tradable",3.73531735882334,4350.50576869824,1.82803598030164,16.2,29.6141828808865,0.77,-3.27568380486889,1.64922538867182
"CUUR0000SAM",2022,6,546.717,"Non-Tradable",4.53699791008988,4350.50576869824,1.82803598030164,16.2,29.6141828808865,1.21,-0.713768989631067,2.33354636776296
"CUUR0000SAM",2022,7,549.562,"Non-Tradable",4.83442988521972,4350.50576869824,1.82803598030164,16.2,29.6141828808865,1.68,-2.50407888203165,2.50326818569778
"CUUR0000SAM",2022,8,553.429,"Non-Tradable",5.36547567144601,4350.50576869824,1.82803598030164,16.2,29.6141828808865,2.33,-2.01660735468565,3.20258794985847
"CUUR0000SAM",2022,9,556.323,"Non-Tradable",6.00303343254233,4350.50576869824,1.82803598030164,16.2,29.6141828808865,2.56,3.45397206787805,4.75346850494259
"CUUR0000SAM",2022,10,554.043,"Non-Tradable",5.01910668658211,4350.50576869824,1.82803598030164,16.2,29.6141828808865,3.08,5.97516618587733,4.85182766567184
"CUUR0000SAM",2022,11,550.844,"Non-Tradable",4.15351773663822,4350.50576869824,1.82803598030164,16.2,29.6141828808865,3.78,6.40758674327003,4.88804064406871
"CUUR0000SAM",2022,12,551.002,"Non-Tradable",3.95754170550124,4350.50576869824,1.82803598030164,16.2,29.6141828808865,4.1,6.53092873758723,5.33507948946402
"CUUR0000SAM",2023,1,551.422,"Non-Tradable",3.06028617993152,4350.50576869824,1.82803598030164,16.2,29.6141828808865,4.33,4.45548242890847,10.089454247025
"CUUR0000SAM",2023,2,549.487,"Non-Tradable",2.33828492248552,4350.50576869824,1.82803598030164,16.2,29.6141828808865,4.57,3.98481508694587,10.3450151188845
"CUUR0000SAM",2023,3,547.805,"Non-Tradable",1.49442600960833,4350.50576869824,1.82803598030164,16.2,29.6141828808865,4.65,4.01376146788991,10.7319900963815
"CUUR0000SAM",2023,4,547.219,"Non-Tradable",1.05334108935118,4350.50576869824,1.82803598030164,16.2,29.6141828808865,4.83,3.27705816717604,11.0258806497442
"CUUR0000SAM",2023,5,547.42,"Non-Tradable",0.723475035327349,4350.50576869824,1.82803598030164,16.2,29.6141828808865,5.06,3.85549778922307,11.0718068092015
"CUUR0000SAM",2023,6,547.432,"Non-Tradable",0.130780641538498,4350.50576869824,1.82803598030164,16.2,29.6141828808865,5.08,3.80822849370963,10.702942762129
"CUUR0000SAM",2023,7,546.698,"Non-Tradable",-0.521142291497599,4350.50576869824,1.82803598030164,16.2,29.6141828808865,5.12,3.1431897555297,9.63995109405962
"CUUR0000SAM",2023,8,548.082,"Non-Tradable",-0.966158260589882,4350.50576869824,1.82803598030164,16.2,29.6141828808865,5.33,2.99999999999999,9.17012773293629
"CUUR0000SAM",2023,9,548.431,"Non-Tradable",-1.41860034548274,4350.50576869824,1.82803598030164,16.2,29.6141828808865,5.33,2.89834034934921,8.8545341357128
"CUUR0000SAM",2023,10,549.762,"Non-Tradable",-0.772683708665223,4350.50576869824,1.82803598030164,16.2,29.6141828808865,5.33,0.75034913721684,8.42902805729846
"CUUR0000SAM",2023,11,551.769,"Non-Tradable",0.167924130969922,4350.50576869824,1.82803598030164,16.2,29.6141828808865,5.33,0.438544785796795,8.5178142154928
"CUUR0000SAM",2023,12,553.485,"Non-Tradable",0.450633573017895,4350.50576869824,1.82803598030164,16.2,29.6141828808865,5.33,0.561164592627369,8.36467027423644
"CUUR0000SAM",2024,1,557.215,"Non-Tradable",1.05055656103674,4350.50576869824,1.82803598030164,16.2,29.6141828808865,5.33,4.84081884971113,6.75542700381681
"CUUR0000SAM",2024,2,557.236,"Non-Tradable",1.41022444571028,4350.50576869824,1.82803598030164,16.2,29.6141828808865,5.33,4.81192736180136,6.31450285365061
"CUUR0000SAM",2024,3,559.935,"Non-Tradable",2.21429158185851,4350.50576869824,1.82803598030164,16.2,29.6141828808865,5.33,5.16784348682822,6.04438616748538
"CUUR0000SAM",2024,4,561.612,"Non-Tradable",2.63020838092243,4350.50576869824,1.82803598030164,16.2,29.6141828808865,5.33,5.82004368555793,5.84391573006373
"CUUR0000SAM",2024,5,564.249,"Non-Tradable",3.07423915823318,4350.50576869824,1.82803598030164,16.2,29.6141828808865,5.33,5.72411050550892,5.74372725160691
"CUUR0000SAM",2024,6,565.301,"Non-Tradable",3.26414970261147,4350.50576869824,1.82803598030164,16.2,29.6141828808865,5.33,7.04693275934677,5.73262228051226
"CUUR0000SAM",2024,7,564.039,"Non-Tradable",3.17195233931714,4350.50576869824,1.82803598030164,16.2,29.6141828808865,5.33,7.42099322799096,5.5219088269789
"CUUR0000SAM",2024,8,564.407,"Non-Tradable",2.97856890027405,4350.50576869824,1.82803598030164,16.2,29.6141828808865,5.33,7.65650344389856,5.24195092071514
"CUUR0000SAM",2024,9,566.266,"Non-Tradable",3.25200435423963,4350.50576869824,1.82803598030164,16.2,29.6141828808865,5.13,8.49948274240572,5.14468993651943
"CUUR0000SAM",2024,10,567.87,"Non-Tradable",3.29378894867235,4350.50576869824,1.82803598030164,16.2,29.6141828808865,4.83,9.18381731040317,5.24929150229994
"CUUR0000SAM",2024,11,568.773,"Non-Tradable",3.08172441728332,4350.50576869824,1.82803598030164,16.2,29.6141828808865,4.64,9.07063546092633,5.08324870698817
"CUUR0000SAM",2024,12,569.189,"Non-Tradable",2.83729459696287,4350.50576869824,1.82803598030164,16.2,29.6141828808865,4.48,8.93319946765043,4.99506277331076
"CUUR0000SAM",2025,1,571.899,"Non-Tradable",2.63524851269258,4350.50576869824,1.82803598030164,16.2,29.6141828808865,4.33,6.77627848962468,4.44301681959321
"CUUR0000SEHA",2016,1,292.004,"Non-Tradable",3.70491384086486,4350.50576869824,1.82803598030164,0,0,0.34,3.9981740023586,3.23567566756901
"CUUR0000SEHA",2016,2,292.777,"Non-Tradable",3.67861354372868,4350.50576869824,1.82803598030164,0,0,0.38,3.98909999243055,2.72745579164832
"CUUR0000SEHA",2016,3,293.489,"Non-Tradable",3.65874333345106,4350.50576869824,1.82803598030164,0,0,0.36,3.51707811971592,3.04676887250146
"CUUR0000SEHA",2016,4,294.175,"Non-Tradable",3.72957496174162,4350.50576869824,1.82803598030164,0,0,0.37,3.32896951561623,2.85055247591056
"CUUR0000SEHA",2016,5,295.036,"Non-Tradable",3.79637284736759,4350.50576869824,1.82803598030164,0,0,0.37,3.1511900771036,2.51874796217804
"CUUR0000SEHA",2016,6,295.902,"Non-Tradable",3.81397111191414,4350.50576869824,1.82803598030164,0,0,0.38,3.06816913979694,2.50419459986844
"CUUR0000SEHA",2016,7,296.862,"Non-Tradable",3.7652486979622,4350.50576869824,1.82803598030164,0,0,0.39,3.10227104052248,2.59568981396205
"CUUR0000SEHA",2016,8,297.916,"Non-Tradable",3.77889559268188,4350.50576869824,1.82803598030164,0,0,0.4,3.33740786013262,2.62960566942101
"CUUR0000SEHA",2016,9,298.962,"Non-Tradable",3.69607292251982,4350.50576869824,1.82803598030164,0,0,0.4,3.32963374028857,2.93329417379493
"CUUR0000SEHA",2016,10,300.4,"Non-Tradable",3.79092554970493,4350.50576869824,1.82803598030164,0,0,0.4,3.80579367425362,3.15239379635873
"CUUR0000SEHA",2016,11,301.587,"Non-Tradable",3.88017442701552,4350.50576869824,1.82803598030164,0,0,0.41,3.37190448113208,3.42525973359905
"CUUR0000SEHA",2016,12,302.735,"Non-Tradable",3.95976703616709,4350.50576869824,1.82803598030164,0,0,0.54,2.96899054321531,3.48776108946008
"CUUR0000SEHA",2017,1,303.467,"Non-Tradable",3.92563115573758,4350.50576869824,1.82803598030164,0,0,0.65,3.4055161313922,3.82793886919635
"CUUR0000SEHA",2017,2,304.211,"Non-Tradable",3.90536141841744,4350.50576869824,1.82803598030164,0,0,0.66,3.04265540835638,4.22976956250273
"CUUR0000SEHA",2017,3,304.868,"Non-Tradable",3.87714701402779,4350.50576869824,1.82803598030164,0,0,0.79,2.95110530327779,4.36404461828191
"CUUR0000SEHA",2017,4,305.477,"Non-Tradable",3.84193082348941,4350.50576869824,1.82803598030164,0,0,0.9,2.50135746606335,4.67495261383531
"CUUR0000SEHA",2017,5,306.379,"Non-Tradable",3.84461557233694,4350.50576869824,1.82803598030164,0,0,0.91,2.44466110569457,5.26863611064931
"CUUR0000SEHA",2017,6,307.314,"Non-Tradable",3.85668227994405,4350.50576869824,1.82803598030164,0,0,1.04,2.68817204301075,5.16148571181344
"CUUR0000SEHA",2017,7,308.173,"Non-Tradable",3.8101878987543,4350.50576869824,1.82803598030164,0,0,1.15,2.79657356752087,5.06937263012755
"CUUR0000SEHA",2017,8,309.479,"Non-Tradable",3.88129539870299,4350.50576869824,1.82803598030164,0,0,1.16,2.88192701985804,5.16457146950324
"CUUR0000SEHA",2017,9,310.268,"Non-Tradable",3.78175152694991,4350.50576869824,1.82803598030164,0,0,1.15,3.22234156820623,5.31492973821243
"CUUR0000SEHA",2017,10,311.501,"Non-Tradable",3.69540612516644,4350.50576869824,1.82803598030164,0,0,1.15,3.01131914287748,5.34756318523202
"CUUR0000SEHA",2017,11,312.67,"Non-Tradable",3.67489314857737,4350.50576869824,1.82803598030164,0,0,1.16,2.49901964279348,5.34212707475861
"CUUR0000SEHA",2017,12,313.904,"Non-Tradable",3.68936528647166,4350.50576869824,1.82803598030164,0,0,1.3,2.55588779723765,5.20941319172643
"CUUR0000SEHA",2018,1,314.788,"Non-Tradable",3.73055389877648,4350.50576869824,1.82803598030164,8.9,16.2695202246846,1.41,3.68247904064523,5.3895985784444
"CUUR0000SEHA",2018,2,315.277,"Non-Tradable",3.63760679265377,4350.50576869824,1.82803598030164,8.9,16.2695202246846,1.42,3.72280305170953,5.40246858543925
"CUUR0000SEHA",2018,3,315.883,"Non-Tradable",3.61303908576826,4350.50576869824,1.82803598030164,8.9,16.2695202246846,1.51,4.03356603906636,5.5113301176389
"CUUR0000SEHA",2018,4,316.763,"Non-Tradable",3.69454983517581,4350.50576869824,1.82803598030164,8.9,16.2695202246846,1.69,4.46390733154401,5.5491816874931
"CUUR0000SEHA",2018,5,317.49,"Non-Tradable",3.62655403927815,4350.50576869824,1.82803598030164,8.9,16.2695202246846,1.7,4.55058160028198,5.39770386442913
"CUUR0000SEHA",2018,6,318.318,"Non-Tradable",3.58070247369139,4350.50576869824,1.82803598030164,8.9,16.2695202246846,1.82,4.50823992410133,5.77211856910704
"CUUR0000SEHA",2018,7,319.351,"Non-Tradable",3.62718343268229,4350.50576869824,1.82803598030164,8.9,16.2695202246846,1.91,4.47113196316657,6.00176341528429
"CUUR0000SEHA",2018,8,320.651,"Non-Tradable",3.6099379925617,4350.50576869824,1.82803598030164,8.9,16.2695202246846,1.91,4.1913455508327,6.08452814766883
"CUUR0000SEHA",2018,9,321.533,"Non-Tradable",3.63073214124565,4350.50576869824,1.82803598030164,8.9,16.2695202246846,1.95,3.80506416926812,5.69963627989515
"CUUR0000SEHA",2018,10,322.628,"Non-Tradable",3.5720591587186,4350.50576869824,1.82803598030164,8.9,16.2695202246846,2.19,3.90117484450588,5.69191234495458
"CUUR0000SEHA",2018,11,323.968,"Non-Tradable",3.61339431349346,4350.50576869824,1.82803598030164,8.9,16.2695202246846,2.2,4.54577072899278,5.69931809928582
"CUUR0000SEHA",2018,12,324.815,"Non-Tradable",3.47590346093073,4350.50576869824,1.82803598030164,8.9,16.2695202246846,2.27,4.79000347101701,6.74451028232834
"CUUR0000SEHA",2019,1,325.597,"Non-Tradable",3.43373953263783,4350.50576869824,1.82803598030164,14.4,26.3237181163436,2.4,5.56124189696349,5.85810443025371
"CUUR0000SEHA",2019,2,326.351,"Non-Tradable",3.51246681489611,4350.50576869824,1.82803598030164,14.4,26.3237181163436,2.4,5.72090172308111,5.7441184245308
"CUUR0000SEHA",2019,3,327.513,"Non-Tradable",3.68174292380407,4350.50576869824,1.82803598030164,14.4,26.3237181163436,2.41,5.72764861384125,5.53194848249642
"CUUR0000SEHA",2019,4,328.678,"Non-Tradable",3.76148729491766,4350.50576869824,1.82803598030164,14.4,26.3237181163436,2.42,5.88235294117647,5.13302382838845
"CUUR0000SEHA",2019,5,329.333,"Non-Tradable",3.73019622665281,4350.50576869824,1.82803598030164,14.4,26.3237181163436,2.39,5.94720339840195,4.66328332149813
"CUUR0000SEHA",2019,6,330.648,"Non-Tradable",3.87348500556049,4350.50576869824,1.82803598030164,14.4,26.3237181163436,2.38,6.04196086342547,4.39526245162294
"CUUR0000SEHA",2019,7,331.605,"Non-Tradable",3.83715723451626,4350.50576869824,1.82803598030164,14.4,26.3237181163436,2.4,5.92533011595951,4.10218714536264
"CUUR0000SEHA",2019,8,332.638,"Non-Tradable",3.73833233016581,4350.50576869824,1.82803598030164,14.4,26.3237181163436,2.13,5.8719277712757,4.26072886971262
"CUUR0000SEHA",2019,9,333.834,"Non-Tradable",3.82573483903674,4350.50576869824,1.82803598030164,14.4,26.3237181163436,2.04,5.97787950679988,4.33882708771211
"CUUR0000SEHA",2019,10,334.68,"Non-Tradable",3.73557161808647,4350.50576869824,1.82803598030164,14.4,26.3237181163436,1.83,5.80664471715055,4.22840806116066
"CUUR0000SEHA",2019,11,335.819,"Non-Tradable",3.65807734097195,4350.50576869824,1.82803598030164,14.4,26.3237181163436,1.55,5.70544595628597,4.34223836820909
"CUUR0000SEHA",2019,12,336.789,"Non-Tradable",3.6864061080923,4350.50576869824,1.82803598030164,14.4,26.3237181163436,1.55,4.71679364027824,2.71962323390895
"CUUR0000SEHA",2020,1,337.825,"Non-Tradable",3.75556285838015,4350.50576869824,1.82803598030164,16.2,29.6141828808865,1.55,3.19004524886877,3.79755566842874
"CUUR0000SEHA",2020,2,338.616,"Non-Tradable",3.75822350781827,4350.50576869824,1.82803598030164,16.2,29.6141828808865,1.58,2.90536623075437,3.9015823813214
"CUUR0000SEHA",2020,3,339.519,"Non-Tradable",3.66580868545677,4350.50576869824,1.82803598030164,16.2,29.6141828808865,0.65,5.04872419540967,2.03694931312174
"CUUR0000SEHA",2020,4,340.135,"Non-Tradable",3.48578243752244,4350.50576869824,1.82803598030164,16.2,29.6141828808865,0.05,105.593869731801,16.490819402576
"CUUR0000SEHA",2020,5,340.811,"Non-Tradable",3.48522619962164,4350.50576869824,1.82803598030164,16.2,29.6141828808865,0.05,66.1352426412092,10.6762939217578
"CUUR0000SEHA",2020,6,341.294,"Non-Tradable",3.21973821102803,4350.50576869824,1.82803598030164,16.2,29.6141828808865,0.08,55.0746694568629,10.3746344007899
"CUUR0000SEHA",2020,7,341.95,"Non-Tradable",3.11967551755853,4350.50576869824,1.82803598030164,16.2,29.6141828808865,0.09,57.3498702777954,11.4097243728708
"CUUR0000SEHA",2020,8,342.444,"Non-Tradable",2.94794942249534,4350.50576869824,1.82803598030164,16.2,29.6141828808865,0.1,31.2213764568397,6.81224751207015
"CUUR0000SEHA",2020,9,342.91,"Non-Tradable",2.71871648783528,4350.50576869824,1.82803598030164,16.2,29.6141828808865,0.09,29.3321982595535,7.30284289460592
"CUUR0000SEHA",2020,10,343.615,"Non-Tradable",2.6697143540098,4350.50576869824,1.82803598030164,16.2,29.6141828808865,0.09,21.3138456702813,6.68103448275863
"CUUR0000SEHA",2020,11,344.039,"Non-Tradable",2.44774714950612,4350.50576869824,1.82803598030164,16.2,29.6141828808865,0.09,17.1240636998804,5.11640101949975
"CUUR0000SEHA",2020,12,344.455,"Non-Tradable",2.27620260756735,4350.50576869824,1.82803598030164,16.2,29.6141828808865,0.09,20.0733852090846,5.92611611372959
"CUUR0000SEHA",2021,1,344.758,"Non-Tradable",2.05224598534744,4350.50576869824,1.82803598030164,16.2,29.6141828808865,0.09,82.196886647665,16.6341442785769
"CUUR0000SEHA",2021,2,345.242,"Non-Tradable",1.95678881092448,4350.50576869824,1.82803598030164,16.2,29.6141828808865,0.08,32.6718417428321,6.92129560013233
"CUUR0000SEHA",2021,3,345.717,"Non-Tradable",1.8255237556661,4350.50576869824,1.82803598030164,16.2,29.6141828808865,0.07,150.987153275762,34.1408884327811
"CUUR0000SEHA",2021,4,346.267,"Non-Tradable",1.80281358872213,4350.50576869824,1.82803598030164,16.2,29.6141828808865,0.07,-25,0.202638037137839
"CUUR0000SEHA",2021,5,347.016,"Non-Tradable",1.82065719709752,4350.50576869824,1.82803598030164,16.2,29.6141828808865,0.06,-18.487588109102,2.91777039149189
"CUUR0000SEHA",2021,6,347.833,"Non-Tradable",1.91594343879472,4350.50576869824,1.82803598030164,16.2,29.6141828808865,0.08,-15.2098795722669,2.99588171752633
"CUUR0000SEHA",2021,7,348.469,"Non-Tradable",1.90641906711508,4350.50576869824,1.82803598030164,16.2,29.6141828808865,0.1,-14.9621973779458,2.91709058158347
"CUUR0000SEHA",2021,8,349.71,"Non-Tradable",2.12180677716647,4350.50576869824,1.82803598030164,16.2,29.6141828808865,0.09,1.45381023443893,6.93529974747184
"CUUR0000SEHA",2021,9,351.255,"Non-Tradable",2.43358315593012,4350.50576869824,1.82803598030164,16.2,29.6141828808865,0.08,-2.5963577854165,5.3200013736421
"CUUR0000SEHA",2021,10,352.892,"Non-Tradable",2.69982393085284,4350.50576869824,1.82803598030164,16.2,29.6141828808865,0.08,3.28790548243342,6.3424012855831
"CUUR0000SEHA",2021,11,354.526,"Non-Tradable",3.04820093070844,4350.50576869824,1.82803598030164,16.2,29.6141828808865,0.08,7.10466209861615,7.895912247017
"CUUR0000SEHA",2021,12,355.931,"Non-Tradable",3.33163983684371,4350.50576869824,1.82803598030164,16.2,29.6141828808865,0.08,5.31875658587988,7.52503246284808
"CUUR0000SEHA",2022,1,357.737,"Non-Tradable",3.76466971034756,4350.50576869824,1.82803598030164,16.2,29.6141828808865,0.08,-30.7804710331786,-5.32784974697116
"CUUR0000SEHA",2022,2,359.627,"Non-Tradable",4.16664252900863,4350.50576869824,1.82803598030164,16.2,29.6141828808865,0.08,-3.67102345113954,3.43943024943462
"CUUR0000SEHA",2022,3,361.083,"Non-Tradable",4.44467584758633,4350.50576869824,1.82803598030164,16.2,29.6141828808865,0.2,-50.1720343825607,-15.9453354827545
"CUUR0000SEHA",2022,4,362.951,"Non-Tradable",4.81824719075165,4350.50576869824,1.82803598030164,16.2,29.6141828808865,0.33,-14.6353584296186,-1.22350756621774
"CUUR0000SEHA",2022,5,365.116,"Non-Tradable",5.21589782603683,4350.50576869824,1.82803598030164,16.2,29.6141828808865,0.77,-3.27568380486889,1.64922538867182
"CUUR0000SEHA",2022,6,367.927,"Non-Tradable",5.77691018391009,4350.50576869824,1.82803598030164,16.2,29.6141828808865,1.21,-0.713768989631067,2.33354636776296
"CUUR0000SEHA",2022,7,370.448,"Non-Tradable",6.3073042365318,4350.50576869824,1.82803598030164,16.2,29.6141828808865,1.68,-2.50407888203165,2.50326818569778
"CUUR0000SEHA",2022,8,373.283,"Non-Tradable",6.74072803179779,4350.50576869824,1.82803598030164,16.2,29.6141828808865,2.33,-2.01660735468565,3.20258794985847
"CUUR0000SEHA",2022,9,376.569,"Non-Tradable",7.20673015330743,4350.50576869824,1.82803598030164,16.2,29.6141828808865,2.56,3.45397206787805,4.75346850494259
"CUUR0000SEHA",2022,10,379.436,"Non-Tradable",7.52184804416081,4350.50576869824,1.82803598030164,16.2,29.6141828808865,3.08,5.97516618587733,4.85182766567184
"CUUR0000SEHA",2022,11,382.562,"Non-Tradable",7.90802367104246,4350.50576869824,1.82803598030164,16.2,29.6141828808865,3.78,6.40758674327003,4.88804064406871
"CUUR0000SEHA",2022,12,385.649,"Non-Tradable",8.34937108596892,4350.50576869824,1.82803598030164,16.2,29.6141828808865,4.1,6.53092873758723,5.33507948946402
"CUUR0000SEHA",2023,1,388.372,"Non-Tradable",8.56355367211107,4350.50576869824,1.82803598030164,16.2,29.6141828808865,4.33,4.45548242890847,10.089454247025
"CUUR0000SEHA",2023,2,391.141,"Non-Tradable",8.76296829770846,4350.50576869824,1.82803598030164,16.2,29.6141828808865,4.57,3.98481508694587,10.3450151188845
"CUUR0000SEHA",2023,3,392.91,"Non-Tradable",8.81431692990254,4350.50576869824,1.82803598030164,16.2,29.6141828808865,4.65,4.01376146788991,10.7319900963815
"CUUR0000SEHA",2023,4,394.898,"Non-Tradable",8.80201459701172,4350.50576869824,1.82803598030164,16.2,29.6141828808865,4.83,3.27705816717604,11.0258806497442
"CUUR0000SEHA",2023,5,396.726,"Non-Tradable",8.65752254078156,4350.50576869824,1.82803598030164,16.2,29.6141828808865,5.06,3.85549778922307,11.0718068092015
"CUUR0000SEHA",2023,6,398.593,"Non-Tradable",8.33480554566531,4350.50576869824,1.82803598030164,16.2,29.6141828808865,5.08,3.80822849370963,10.702942762129
"CUUR0000SEHA",2023,7,400.21,"Non-Tradable",8.03405606184944,4350.50576869824,1.82803598030164,16.2,29.6141828808865,5.12,3.1431897555297,9.63995109405962
"CUUR0000SEHA",2023,8,402.247,"Non-Tradable",7.75926040028611,4350.50576869824,1.82803598030164,16.2,29.6141828808865,5.33,2.99999999999999,9.17012773293629
"CUUR0000SEHA",2023,9,404.487,"Non-Tradable",7.41378074137808,4350.50576869824,1.82803598030164,16.2,29.6141828808865,5.33,2.89834034934921,8.8545341357128
"CUUR0000SEHA",2023,10,406.683,"Non-Tradable",7.1809211566641,4350.50576869824,1.82803598030164,16.2,29.6141828808865,5.33,0.75034913721684,8.42902805729846
"CUUR0000SEHA",2023,11,408.838,"Non-Tradable",6.86842916965093,4350.50576869824,1.82803598030164,16.2,29.6141828808865,5.33,0.438544785796795,8.5178142154928
"CUUR0000SEHA",2023,12,410.606,"Non-Tradable",6.47142868255849,4350.50576869824,1.82803598030164,16.2,29.6141828808865,5.33,0.561164592627369,8.36467027423644
"CUUR0000SEHA",2024,1,412.019,"Non-Tradable",6.08874996137723,4350.50576869824,1.82803598030164,16.2,29.6141828808865,5.33,4.84081884971113,6.75542700381681
"CUUR0000SEHA",2024,2,413.695,"Non-Tradable",5.76620707110734,4350.50576869824,1.82803598030164,16.2,29.6141828808865,5.33,4.81192736180136,6.31450285365061
"CUUR0000SEHA",2024,3,415.219,"Non-Tradable",5.67789061108141,4350.50576869824,1.82803598030164,16.2,29.6141828808865,5.33,5.16784348682822,6.04438616748538
"CUUR0000SEHA",2024,4,416.386,"Non-Tradable",5.44140512233539,4350.50576869824,1.82803598030164,16.2,29.6141828808865,5.33,5.82004368555793,5.84391573006373
"CUUR0000SEHA",2024,5,417.772,"Non-Tradable",5.30492077655611,4350.50576869824,1.82803598030164,16.2,29.6141828808865,5.33,5.72411050550892,5.74372725160691
"CUUR0000SEHA",2024,6,418.82,"Non-Tradable",5.07459990516642,4350.50576869824,1.82803598030164,16.2,29.6141828808865,5.33,7.04693275934677,5.73262228051226
"CUUR0000SEHA",2024,7,420.577,"Non-Tradable",5.08907823392719,4350.50576869824,1.82803598030164,16.2,29.6141828808865,5.33,7.42099322799096,5.5219088269789
"CUUR0000SEHA",2024,8,422.223,"Non-Tradable",4.96610291686451,4350.50576869824,1.82803598030164,16.2,29.6141828808865,5.33,7.65650344389856,5.24195092071514
"CUUR0000SEHA",2024,9,423.821,"Non-Tradable",4.77988167728506,4350.50576869824,1.82803598030164,16.2,29.6141828808865,5.13,8.49948274240572,5.14468993651943
"CUUR0000SEHA",2024,10,425.381,"Non-Tradable",4.59768419137264,4350.50576869824,1.82803598030164,16.2,29.6141828808865,4.83,9.18381731040317,5.24929150229994
"CUUR0000SEHA",2024,11,426.651,"Non-Tradable",4.35698247227508,4350.50576869824,1.82803598030164,16.2,29.6141828808865,4.64,9.07063546092633,5.08324870698817
"CUUR0000SEHA",2024,12,428.151,"Non-Tradable",4.27295266021442,4350.50576869824,1.82803598030164,16.2,29.6141828808865,4.48,8.93319946765043,4.99506277331076
"CUUR0000SEHA",2025,1,429.506,"Non-Tradable",4.24422174705535,4350.50576869824,1.82803598030164,16.2,29.6141828808865,4.33,6.77627848962468,4.44301681959321
