industry_code,year,network_tariff_shock,network_tariff_shock_5pct,network_tariff_shock_excl_own
111CA,2016,0,0,0
111CA,2017,0,0,0
111CA,2018,0.027867611571872453,0.025575205431668777,0.014823800239649292
111CA,2019,0.12917566852825052,0.12265439482262284,0.05091280053491151
111CA,2020,0.1596510047677644,0.15217466890636558,0.061822419776090605
111CA,2021,0.1596510047677644,0.15217466890636558,0.061822419776090605
111CA,2022,0.1596510047677644,0.15217466890636558,0.061822419776090605
111CA,2023,0.1596510047677644,0.15217466890636558,0.061822419776090605
111CA,2024,0.1596510047677644,0.15217466890636558,0.061822419776090605
111CA,2025,0.1596510047677644,0.15217466890636558,0.061822419776090605
113FF,2016,0,0,0
113FF,2017,0,0,0
113FF,2018,0.007978780770161594,0.0032985576052502654,0.007978780770161594
113FF,2019,0.030250944943432664,0.009623675594124546,0.030250944943432664
113FF,2020,0.035686597358424,0.010370354970504998,0.035686597358424
113FF,2021,0.035686597358424,0.010370354970504998,0.035686597358424
113FF,2022,0.035686597358424,0.010370354970504998,0.035686597358424
113FF,2023,0.035686597358424,0.010370354970504998,0.035686597358424
113FF,2024,0.035686597358424,0.010370354970504998,0.035686597358424
113FF,2025,0.035686597358424,0.010370354970504998,0.035686597358424
211,2016,0,0,0
211,2017,0,0,0
211,2018,0.015598772088157652,0.01019160450496999,0.015598772088157652
211,2019,0.04740573978966286,0.0315002773802308,0.04740573978966286
211,2020,0.05639091379673023,0.03657570586599418,0.05639091379673023
211,2021,0.05639091379673023,0.03657570586599418,0.05639091379673023
211,2022,0.05639091379673023,0.03657570586599418,0.05639091379673023
211,2023,0.05639091379673023,0.03657570586599418,0.05639091379673023
211,2024,0.05639091379673023,0.03657570586599418,0.05639091379673023
211,2025,0.05639091379673023,0.03657570586599418,0.05639091379673023
212,2016,0,0,0
212,2017,0,0,0
212,2018,0.01522257443195024,0.009312725675168426,0.01522257443195024
212,2019,0.05301759629618276,0.03621245162330515,0.05301759629618276
212,2020,0.06291606716111316,0.04358962453821656,0.06291606716111316
212,2021,0.06291606716111316,0.04358962453821656,0.06291606716111316
212,2022,0.06291606716111316,0.04358962453821656,0.06291606716111316
212,2023,0.06291606716111316,0.04358962453821656,0.06291606716111316
212,2024,0.06291606716111316,0.04358962453821656,0.06291606716111316
212,2025,0.06291606716111316,0.04358962453821656,0.06291606716111316
213,2016,0,0,0
213,2017,0,0,0
213,2018,0.015342384993284063,0.009697646141263427,0.015342384993284063
213,2019,0.05093212427401661,0.03358284174948306,0.05093212427401661
213,2020,0.06011697357740703,0.039881653538664415,0.06011697357740703
213,2021,0.06011697357740703,0.039881653538664415,0.06011697357740703
213,2022,0.06011697357740703,0.039881653538664415,0.06011697357740703
213,2023,0.06011697357740703,0.039881653538664415,0.06011697357740703
213,2024,0.06011697357740703,0.039881653538664415,0.06011697357740703
213,2025,0.06011697357740703,0.039881653538664415,0.06011697357740703
22,2016,0,0,0
22,2017,0,0,0
22,2018,0.005313665041730839,0.004274068350753689,0.005313665041730839
22,2019,0.028816477295963372,0.025644410104522137,0.028816477295963372
22,2020,0.0357141809268551,0.03205551263065267,0.0357141809268551
22,2021,0.0357141809268551,0.03205551263065267,0.0357141809268551
22,2022,0.0357141809268551,0.03205551263065267,0.0357141809268551
22,2023,0.0357141809268551,0.03205551263065267,0.0357141809268551
22,2024,0.0357141809268551,0.03205551263065267,0.0357141809268551
22,2025,0.0357141809268551,0.03205551263065267,0.0357141809268551
23,2016,0,0,0
23,2017,0,0,0
23,2018,0.027734502226558193,0.024113369375976898,0.027734502226558193
23,2019,0.10899225356517522,0.09623812048231478,0.10899225356517522
23,2020,0.13139603035141015,0.11592181292268128,0.13139603035141015
23,2021,0.13139603035141015,0.11592181292268128,0.13139603035141015
23,2022,0.13139603035141015,0.11592181292268128,0.13139603035141015
23,2023,0.13139603035141015,0.11592181292268128,0.13139603035141015
23,2024,0.13139603035141015,0.11592181292268128,0.13139603035141015
23,2025,0.13139603035141015,0.11592181292268128,0.13139603035141015
311FT,2016,0,0,0
311FT,2017,0,0,0
311FT,2018,0.032539452962841726,0.026573735580476095,0.018908056351313006
311FT,2019,0.14082669296264702,0.12210262565160505,0.09637810112472632
311FT,2020,0.1762987853687212,0.15379515043423292,0.11957117720159369
311FT,2021,0.1762987853687212,0.15379515043423292,0.11957117720159369
311FT,2022,0.1762987853687212,0.15379515043423292,0.11957117720159369
311FT,2023,0.1762987853687212,0.15379515043423292,0.11957117720159369
311FT,2024,0.1762987853687212,0.15379515043423292,0.11957117720159369
311FT,2025,0.1762987853687212,0.15379515043423292,0.11957117720159369
313TT,2016,0,0,0
313TT,2017,0,0,0
313TT,2018,0.014609631092323631,0.012138438586900606,0.014609631092323631
313TT,2019,0.04926036223919406,0.04156359250378876,0.04926036223919406
313TT,2020,0.056162395764757476,0.04685209188076578,0.056162395764757476
313TT,2021,0.056162395764757476,0.04685209188076578,0.056162395764757476
313TT,2022,0.056162395764757476,0.04685209188076578,0.056162395764757476
313TT,2023,0.056162395764757476,0.04685209188076578,0.056162395764757476
313TT,2024,0.056162395764757476,0.04685209188076578,0.056162395764757476
313TT,2025,0.056162395764757476,0.04685209188076578,0.056162395764757476
315AL,2016,0,0,0
315AL,2017,0,0,0
315AL,2018,0.0030415807444949838,0,0.0030415807444949838
315AL,2019,0.00853073614939148,0,0.00853073614939148
315AL,2020,0.010621276272628544,0,0.010621276272628544
315AL,2021,0.010621276272628544,0,0.010621276272628544
315AL,2022,0.010621276272628544,0,0.010621276272628544
315AL,2023,0.010621276272628544,0,0.010621276272628544
315AL,2024,0.010621276272628544,0,0.010621276272628544
315AL,2025,0.010621276272628544,0,0.010621276272628544
321,2016,0,0,0
321,2017,0,0,0
321,2018,0.010522480197557494,0.0014623940946286512,0.010522480197557494
321,2019,0.03388292463014334,0.004266594081931103,0.03388292463014334
321,2020,0.03952812221775776,0.004597629534779266,0.03952812221775776
321,2021,0.03952812221775776,0.004597629534779266,0.03952812221775776
321,2022,0.03952812221775776,0.004597629534779266,0.03952812221775776
321,2023,0.03952812221775776,0.004597629534779266,0.03952812221775776
321,2024,0.03952812221775776,0.004597629534779266,0.03952812221775776
321,2025,0.03952812221775776,0.004597629534779266,0.03952812221775776
322,2016,0,0,0
322,2017,0,0,0
322,2018,0.02630272587518443,0.022410234140490475,0.008556510314019734
322,2019,0.08058818070607755,0.0691169100850601,0.02677205660133026
322,2020,0.09999913465723519,0.0864757192671996,0.031083317986856037
322,2021,0.09999913465723519,0.0864757192671996,0.031083317986856037
322,2022,0.09999913465723519,0.0864757192671996,0.031083317986856037
322,2023,0.09999913465723519,0.0864757192671996,0.031083317986856037
322,2024,0.09999913465723519,0.0864757192671996,0.031083317986856037
322,2025,0.09999913465723519,0.0864757192671996,0.031083317986856037
323,2016,0,0,0
323,2017,0,0,0
323,2018,0.020022069392087095,0.014149791460462822,0.020022069392087095
323,2019,0.06157927435604063,0.042595352032671174,0.06157927435604063
323,2020,0.07537010314960103,0.05292725484388411,0.07537010314960103
323,2021,0.07537010314960103,0.05292725484388411,0.07537010314960103
323,2022,0.07537010314960103,0.05292725484388411,0.07537010314960103
323,2023,0.07537010314960103,0.05292725484388411,0.07537010314960103
323,2024,0.07537010314960103,0.05292725484388411,0.07537010314960103
323,2025,0.07537010314960103,0.05292725484388411,0.07537010314960103
324,2016,0,0,0
324,2017,0,0,0
324,2018,0.005447792644111767,0.004807240745444168,0.0034575195097910753
324,2019,0.0226498893582017,0.020160256060162314,0.010708250552277544
324,2020,0.026810004896795702,0.02378332981692912,0.011882956389390497
324,2021,0.026810004896795702,0.02378332981692912,0.011882956389390497
324,2022,0.026810004896795702,0.02378332981692912,0.011882956389390497
324,2023,0.026810004896795702,0.02378332981692912,0.011882956389390497
324,2024,0.026810004896795702,0.02378332981692912,0.011882956389390497
324,2025,0.026810004896795702,0.02378332981692912,0.011882956389390497
325,2016,0,0,0
325,2017,0,0,0
325,2018,0.02241574444003,0.015202901593660202,0.007212842846369793
325,2019,0.0745632740964752,0.04435508198914244,0.030208192107332745
325,2020,0.0848707311384649,0.04779649318749751,0.03707423795096738
325,2021,0.0848707311384649,0.04779649318749751,0.03707423795096738
325,2022,0.0848707311384649,0.04779649318749751,0.03707423795096738
325,2023,0.0848707311384649,0.04779649318749751,0.03707423795096738
325,2024,0.0848707311384649,0.04779649318749751,0.03707423795096738
325,2025,0.0848707311384649,0.04779649318749751,0.03707423795096738
326,2016,0,0,0
326,2017,0,0,0
326,2018,0.020230454816510254,0.01474148700151903,0.020230454816510254
326,2019,0.06125795448237515,0.04488632265674615,0.06125795448237515
326,2020,0.06948539701746247,0.0495574684422769,0.06948539701746247
326,2021,0.06948539701746247,0.0495574684422769,0.06948539701746247
326,2022,0.06948539701746247,0.0495574684422769,0.06948539701746247
326,2023,0.06948539701746247,0.0495574684422769,0.06948539701746247
326,2024,0.06948539701746247,0.0495574684422769,0.06948539701746247
326,2025,0.06948539701746247,0.0495574684422769,0.06948539701746247
327,2016,0,0,0
327,2017,0,0,0
327,2018,0.0164621661207059,0.009987869322754066,0.0080801422878573
327,2019,0.07259835574877634,0.05497726234275351,0.022306212751684734
327,2020,0.08946413688364746,0.06791380598015834,0.02659895813728294
327,2021,0.08946413688364746,0.06791380598015834,0.02659895813728294
327,2022,0.08946413688364746,0.06791380598015834,0.02659895813728294
327,2023,0.08946413688364746,0.06791380598015834,0.02659895813728294
327,2024,0.08946413688364746,0.06791380598015834,0.02659895813728294
327,2025,0.08946413688364746,0.06791380598015834,0.02659895813728294
331,2016,0,0,0
331,2017,0,0,0
331,2018,0.033246500073879304,0.028447156808599695,0.004799343265279617
331,2019,0.04256220272553484,0.02524885607733365,0.017313346648201187
331,2020,0.056458978209014944,0.035807148277669794,0.02065182993134515
331,2021,0.056458978209014944,0.035807148277669794,0.02065182993134515
331,2022,0.056458978209014944,0.035807148277669794,0.02065182993134515
331,2023,0.056458978209014944,0.035807148277669794,0.02065182993134515
331,2024,0.056458978209014944,0.035807148277669794,0.02065182993134515
331,2025,0.056458978209014944,0.035807148277669794,0.02065182993134515
332,2016,0,0,0
332,2017,0,0,0
332,2018,0.042481341299917035,0.035888398306856736,0.03209750884928416
332,2019,0.0800910273535875,0.060023324933226374,0.04270480169012019
332,2020,0.10005892975650829,0.07687913643810865,0.05528302871432941
332,2021,0.10005892975650829,0.07687913643810865,0.05528302871432941
332,2022,0.10005892975650829,0.07687913643810865,0.05528302871432941
332,2023,0.10005892975650829,0.07687913643810865,0.05528302871432941
332,2024,0.10005892975650829,0.07687913643810865,0.05528302871432941
332,2025,0.10005892975650829,0.07687913643810865,0.05528302871432941
333,2016,0,0,0
333,2017,0,0,0
333,2018,0.04529712219396583,0.04253719557556457,0.03359248583596164
333,2019,0.10708551603152237,0.0983452739162621,0.07444617107243633
333,2020,0.12608960531430033,0.11552456685194742,0.08849406213421247
333,2021,0.12608960531430033,0.11552456685194742,0.08849406213421247
333,2022,0.12608960531430033,0.11552456685194742,0.08849406213421247
333,2023,0.12608960531430033,0.11552456685194742,0.08849406213421247
333,2024,0.12608960531430033,0.11552456685194742,0.08849406213421247
333,2025,0.12608960531430033,0.11552456685194742,0.08849406213421247
334,2016,0,0,0
334,2017,0,0,0
334,2018,0.026973476167613177,0.021910528528171193,0.013067263460621387
334,2019,0.07425432328527336,0.059594502204088115,0.03337735447826998
334,2020,0.0874115629256615,0.07084556700057966,0.03971196229998629
334,2021,0.0874115629256615,0.07084556700057966,0.03971196229998629
334,2022,0.0874115629256615,0.07084556700057966,0.03971196229998629
334,2023,0.0874115629256615,0.07084556700057966,0.03971196229998629
334,2024,0.0874115629256615,0.07084556700057966,0.03971196229998629
334,2025,0.0874115629256615,0.07084556700057966,0.03971196229998629
335,2016,0,0,0
335,2017,0,0,0
335,2018,0.04344673399940417,0.036442583138484544,0.03161540485235693
335,2019,0.10365972046381297,0.08022395890486278,0.06996191036506172
335,2020,0.12431441799628003,0.09654146264521528,0.08629456499188809
335,2021,0.12431441799628003,0.09654146264521528,0.08629456499188809
335,2022,0.12431441799628003,0.09654146264521528,0.08629456499188809
335,2023,0.12431441799628003,0.09654146264521528,0.08629456499188809
335,2024,0.12431441799628003,0.09654146264521528,0.08629456499188809
335,2025,0.12431441799628003,0.09654146264521528,0.08629456499188809
3361MV,2016,0,0,0
3361MV,2017,0,0,0
3361MV,2018,0.06314033868438254,0.058690169013880036,0.01936173664089423
3361MV,2019,0.15284784035544524,0.13832950212866282,0.04600612904454881
3361MV,2020,0.16959045774283293,0.15243219704170619,0.055517056222966564
3361MV,2021,0.16959045774283293,0.15243219704170619,0.055517056222966564
3361MV,2022,0.16959045774283293,0.15243219704170619,0.055517056222966564
3361MV,2023,0.16959045774283293,0.15243219704170619,0.055517056222966564
3361MV,2024,0.16959045774283293,0.15243219704170619,0.055517056222966564
3361MV,2025,0.16959045774283293,0.15243219704170619,0.055517056222966564
3364OT,2016,0,0,0
3364OT,2017,0,0,0
3364OT,2018,0.05242930773694645,0.04746676898998682,0.015981879336092412
3364OT,2019,0.1424463129113692,0.12865484263573831,0.04229308249390789
3364OT,2020,0.16236888569636157,0.14682928614480906,0.050042872548029776
3364OT,2021,0.16236888569636157,0.14682928614480906,0.050042872548029776
3364OT,2022,0.16236888569636157,0.14682928614480906,0.050042872548029776
3364OT,2023,0.16236888569636157,0.14682928614480906,0.050042872548029776
3364OT,2024,0.16236888569636157,0.14682928614480906,0.050042872548029776
3364OT,2025,0.16236888569636157,0.14682928614480906,0.050042872548029776
337,2016,0,0,0
337,2017,0,0,0
337,2018,0.0208318515823498,0.016354776854608472,0.017307362192130568
337,2019,0.06369290999059522,0.049402349993870324,0.04440017972837546
337,2020,0.077968318121798455,0.06083772247736788,0.05379560150167828
337,2021,0.077968318121798455,0.06083772247736788,0.05379560150167828
337,2022,0.077968318121798455,0.06083772247736788,0.05379560150167828
337,2023,0.077968318121798455,0.06083772247736788,0.05379560150167828
337,2024,0.077968318121798455,0.06083772247736788,0.05379560150167828
337,2025,0.077968318121798455,0.06083772247736788,0.05379560150167828
339,2016,0,0,0
339,2017,0,0,0
339,2018,0.022663017609883433,0.015893016347902852,0.01853506840827077
339,2019,0.051897215654749744,0.029290498514363734,0.04823173615909883
339,2020,0.06275141929333128,0.03581855772048334,0.057730107895586115
339,2021,0.06275141929333128,0.03581855772048334,0.057730107895586115
339,2022,0.06275141929333128,0.03581855772048334,0.057730107895586115
339,2023,0.06275141929333128,0.03581855772048334,0.057730107895586115
339,2024,0.06275141929333128,0.03581855772048334,0.057730107895586115
339,2025,0.06275141929333128,0.03581855772048334,0.057730107895586115
42,2016,0,0,0
42,2017,0,0,0
42,2018,0.003962632377316665,0,0.003962632377316665
42,2019,0.012015692148329088,0,0.012015692148329088
42,2020,0.01410446544688937,0,0.01410446544688937
42,2021,0.01410446544688937,0,0.01410446544688937
42,2022,0.01410446544688937,0,0.01410446544688937
42,2023,0.01410446544688937,0,0.01410446544688937
42,2024,0.01410446544688937,0,0.01410446544688937
42,2025,0.01410446544688937,0,0.01410446544688937
441,2016,0,0,0
441,2017,0,0,0
441,2018,0.007374745961825513,0.0054836908738416625,0.007374745961825513
441,2019,0.02073149546702719,0.013382951714154472,0.02073149546702719
441,2020,0.02325111430068455,0.014288790451581154,0.02325111430068455
441,2021,0.02325111430068455,0.014288790451581154,0.02325111430068455
441,2022,0.02325111430068455,0.014288790451581154,0.02325111430068455
441,2023,0.02325111430068455,0.014288790451581154,0.02325111430068455
441,2024,0.02325111430068455,0.014288790451581154,0.02325111430068455
441,2025,0.02325111430068455,0.014288790451581154,0.02325111430068455
445,2016,0,0,0
445,2017,0,0,0
445,2018,0.006145972067703126,0,0.006145972067703126
445,2019,0.019248404383421857,0,0.019248404383421857
445,2020,0.022890921192814856,0,0.022890921192814856
445,2021,0.022890921192814856,0,0.022890921192814856
445,2022,0.022890921192814856,0,0.022890921192814856
445,2023,0.022890921192814856,0,0.022890921192814856
445,2024,0.022890921192814856,0,0.022890921192814856
445,2025,0.022890921192814856,0,0.022890921192814856
452,2016,0,0,0
452,2017,0,0,0
452,2018,0.003432877650069297,0,0.003432877650069297
452,2019,0.011076449114840606,0,0.011076449114840606
452,2020,0.013131346946773283,0,0.013131346946773283
452,2021,0.013131346946773283,0,0.013131346946773283
452,2022,0.013131346946773283,0,0.013131346946773283
452,2023,0.013131346946773283,0,0.013131346946773283
452,2024,0.013131346946773283,0,0.013131346946773283
452,2025,0.013131346946773283,0,0.013131346946773283
481,2016,0,0,0
481,2017,0,0,0
481,2018,0.010045595068581966,0.008749823307283779,0.010045595068581966
481,2019,0.05633704679816857,0.05249893984370268,0.05633704679816857
481,2020,0.07012103395498918,0.06562367480462834,0.07012103395498918
481,2021,0.07012103395498918,0.06562367480462834,0.07012103395498918
481,2022,0.07012103395498918,0.06562367480462834,0.07012103395498918
481,2023,0.07012103395498918,0.06562367480462834,0.07012103395498918
481,2024,0.07012103395498918,0.06562367480462834,0.07012103395498918
481,2025,0.07012103395498918,0.06562367480462834,0.07012103395498918
482,2016,0,0,0
482,2017,0,0,0
482,2018,0.011879957934894334,0.0060896855573661654,0.011879957934894334
482,2019,0.05056874128768943,0.036538113344196994,0.05056874128768943
482,2020,0.061966866114882474,0.04567264168024624,0.061966866114882474
482,2021,0.061966866114882474,0.04567264168024624,0.061966866114882474
482,2022,0.061966866114882474,0.04567264168024624,0.061966866114882474
482,2023,0.061966866114882474,0.04567264168024624,0.061966866114882474
482,2024,0.061966866114882474,0.04567264168024624,0.061966866114882474
482,2025,0.061966866114882474,0.04567264168024624,0.061966866114882474
483,2016,0,0,0
483,2017,0,0,0
483,2018,0.00941437545122006,0.004677086318512149,0.00941437545122006
483,2019,0.04323907004226452,0.0280625179110729,0.04323907004226452
483,2020,0.052984097119520665,0.03507814738884112,0.052984097119520665
483,2021,0.052984097119520665,0.03507814738884112,0.052984097119520665
483,2022,0.052984097119520665,0.03507814738884112,0.052984097119520665
483,2023,0.052984097119520665,0.03507814738884112,0.052984097119520665
483,2024,0.052984097119520665,0.03507814738884112,0.052984097119520665
483,2025,0.052984097119520665,0.03507814738884112,0.052984097119520665
484,2016,0,0,0
484,2017,0,0,0
484,2018,0.010455975828763975,0.005566115605027946,0.010455975828763975
484,2019,0.04607692569957005,0.03339669363016768,0.04607692569957005
484,2020,0.055615743878882934,0.0417458670377096,0.055615743878882934
484,2021,0.055615743878882934,0.0417458670377096,0.055615743878882934
484,2022,0.055615743878882934,0.0417458670377096,0.055615743878882934
484,2023,0.055615743878882934,0.0417458670377096,0.055615743878882934
484,2024,0.055615743878882934,0.0417458670377096,0.055615743878882934
484,2025,0.055615743878882934,0.0417458670377096,0.055615743878882934
485,2016,0,0,0
485,2017,0,0,0
485,2018,0.006730626044120214,0.002927948323221347,0.006730626044120214
485,2019,0.028461835859441714,0.01756768993932808,0.028461835859441714
485,2020,0.034964475966908166,0.021959612424160103,0.034964475966908166
485,2021,0.034964475966908166,0.021959612424160103,0.034964475966908166
485,2022,0.034964475966908166,0.021959612424160103,0.034964475966908166
485,2023,0.034964475966908166,0.021959612424160103,0.034964475966908166
485,2024,0.034964475966908166,0.021959612424160103,0.034964475966908166
485,2025,0.034964475966908166,0.021959612424160103,0.034964475966908166
486,2016,0,0,0
486,2017,0,0,0
486,2018,0.006861434154104394,0.005667520847599921,0.006861434154104394
486,2019,0.025512569394204335,0.02040549232358443,0.025512569394204335
486,2020,0.030711076663676364,0.024438795004936065,0.030711076663676364
486,2021,0.030711076663676364,0.024438795004936065,0.030711076663676364
486,2022,0.030711076663676364,0.024438795004936065,0.030711076663676364
486,2023,0.030711076663676364,0.024438795004936065,0.030711076663676364
486,2024,0.030711076663676364,0.024438795004936065,0.030711076663676364
486,2025,0.030711076663676364,0.024438795004936065,0.030711076663676364
487OS,2016,0,0,0
487OS,2017,0,0,0
487OS,2018,0.010934253289154126,0.004445089903181189,0.010934253289154126
487OS,2019,0.04476763797968377,0.026670539419087137,0.04476763797968377
487OS,2020,0.054360317689683954,0.03333817427385892,0.054360317689683954
487OS,2021,0.054360317689683954,0.03333817427385892,0.054360317689683954
487OS,2022,0.054360317689683954,0.03333817427385892,0.054360317689683954
487OS,2023,0.054360317689683954,0.03333817427385892,0.054360317689683954
487OS,2024,0.054360317689683954,0.03333817427385892,0.054360317689683954
487OS,2025,0.054360317689683954,0.03333817427385892,0.054360317689683954
493,2016,0,0,0
493,2017,0,0,0
493,2018,0.010412582486643054,0.0031237309335455893,0.010412582486643054
493,2019,0.03859835697085375,0.018742385601273538,0.03859835697085375
493,2020,0.045777416299337424,0.02342798200159192,0.045777416299337424
493,2021,0.045777416299337424,0.02342798200159192,0.045777416299337424
493,2022,0.045777416299337424,0.02342798200159192,0.045777416299337424
493,2023,0.045777416299337424,0.02342798200159192,0.045777416299337424
493,2024,0.045777416299337424,0.02342798200159192,0.045777416299337424
493,2025,0.045777416299337424,0.02342798200159192,0.045777416299337424
4A0,2016,0,0,0
4A0,2017,0,0,0
4A0,2018,0.003288951176669046,0,0.003288951176669046
4A0,2019,0.010002332968150335,0,0.010002332968150335
4A0,2020,0.011720359462831903,0,0.011720359462831903
4A0,2021,0.011720359462831903,0,0.011720359462831903
4A0,2022,0.011720359462831903,0,0.011720359462831903
4A0,2023,0.011720359462831903,0,0.011720359462831903
4A0,2024,0.011720359462831903,0,0.011720359462831903
4A0,2025,0.011720359462831903,0,0.011720359462831903
511,2016,0,0,0
511,2017,0,0,0
511,2018,0.002022240511359595,0,0.002022240511359595
511,2019,0.006457701265250526,0,0.006457701265250526
511,2020,0.0077803639416799105,0,0.0077803639416799105
511,2021,0.0077803639416799105,0,0.0077803639416799105
511,2022,0.0077803639416799105,0,0.0077803639416799105
511,2023,0.0077803639416799105,0,0.0077803639416799105
511,2024,0.0077803639416799105,0,0.0077803639416799105
511,2025,0.0077803639416799105,0,0.0077803639416799105
512,2016,0,0,0
512,2017,0,0,0
512,2018,8.661335573843584e-4,0,8.661335573843584e-4
512,2019,0.002624618722171416,0,0.002624618722171416
512,2020,0.0030239132551389773,0,0.0030239132551389773
512,2021,0.0030239132551389773,0,0.0030239132551389773
512,2022,0.0030239132551389773,0,0.0030239132551389773
512,2023,0.0030239132551389773,0,0.0030239132551389773
512,2024,0.0030239132551389773,0,0.0030239132551389773
512,2025,0.0030239132551389773,0,0.0030239132551389773
513,2016,0,0,0
513,2017,0,0,0
513,2018,0.005356674185662957,0.0017284563377438253,0.005356674185662957
513,2019,0.017318312036314933,0.005080754716681277,0.017318312036314933
513,2020,0.02038216634019945,0.0059287657068444665,0.02038216634019945
513,2021,0.02038216634019945,0.0059287657068444665,0.02038216634019945
513,2022,0.02038216634019945,0.0059287657068444665,0.02038216634019945
513,2023,0.02038216634019945,0.0059287657068444665,0.02038216634019945
513,2024,0.02038216634019945,0.0059287657068444665,0.02038216634019945
513,2025,0.02038216634019945,0.0059287657068444665,0.02038216634019945
514,2016,0,0,0
514,2017,0,0,0
514,2018,0.0035700358785612394,0,0.0035700358785612394
514,2019,0.011387009467223895,0,0.011387009467223895
514,2020,0.013513358024422514,0,0.013513358024422514
514,2021,0.013513358024422514,0,0.013513358024422514
514,2022,0.013513358024422514,0,0.013513358024422514
514,2023,0.013513358024422514,0,0.013513358024422514
514,2024,0.013513358024422514,0,0.013513358024422514
514,2025,0.013513358024422514,0,0.013513358024422514
521CI,2016,0,0,0
521CI,2017,0,0,0
521CI,2018,0.0010218681332297428,0,0.0010218681332297428
521CI,2019,0.004925484046576537,0,0.004925484046576537
521CI,2020,0.006097438425230372,0,0.006097438425230372
521CI,2021,0.006097438425230372,0,0.006097438425230372
521CI,2022,0.006097438425230372,0,0.006097438425230372
521CI,2023,0.006097438425230372,0,0.006097438425230372
521CI,2024,0.006097438425230372,0,0.006097438425230372
521CI,2025,0.006097438425230372,0,0.006097438425230372
523,2016,0,0,0
523,2017,0,0,0
523,2018,7.661267554695098e-4,0,7.661267554695098e-4
523,2019,0.0038141224668298253,0,0.0038141224668298253
523,2020,0.004721328263253737,0,0.004721328263253737
523,2021,0.004721328263253737,0,0.004721328263253737
523,2022,0.004721328263253737,0,0.004721328263253737
523,2023,0.004721328263253737,0,0.004721328263253737
523,2024,0.004721328263253737,0,0.004721328263253737
523,2025,0.004721328263253737,0,0.004721328263253737
524,2016,0,0,0
524,2017,0,0,0
524,2018,2.4026705162201022e-4,0,2.4026705162201022e-4
524,2019,7.326691957700684e-4,0,7.326691957700684e-4
524,2020,8.927822311306245e-4,0,8.927822311306245e-4
524,2021,8.927822311306245e-4,0,8.927822311306245e-4
524,2022,8.927822311306245e-4,0,8.927822311306245e-4
524,2023,8.927822311306245e-4,0,8.927822311306245e-4
524,2024,8.927822311306245e-4,0,8.927822311306245e-4
524,2025,8.927822311306245e-4,0,8.927822311306245e-4
525,2016,0,0,0
525,2017,0,0,0
525,2018,6.499125800365911e-4,0,6.499125800365911e-4
525,2019,0.0028688209066374854,0,0.0028688209066374854
525,2020,0.003504004307028733,0,0.003504004307028733
525,2021,0.003504004307028733,0,0.003504004307028733
525,2022,0.003504004307028733,0,0.003504004307028733
525,2023,0.003504004307028733,0,0.003504004307028733
525,2024,0.003504004307028733,0,0.003504004307028733
525,2025,0.003504004307028733,0,0.003504004307028733
532RL,2016,0,0,0
532RL,2017,0,0,0
532RL,2018,0.004191603535020191,0,0.004191603535020191
532RL,2019,0.013902491197551825,0,0.013902491197551825
532RL,2020,0.016286104531629982,0,0.016286104531629982
532RL,2021,0.016286104531629982,0,0.016286104531629982
532RL,2022,0.016286104531629982,0,0.016286104531629982
532RL,2023,0.016286104531629982,0,0.016286104531629982
532RL,2024,0.016286104531629982,0,0.016286104531629982
532RL,2025,0.016286104531629982,0,0.016286104531629982
5411,2016,0,0,0
5411,2017,0,0,0
5411,2018,9.253769073700137e-4,0,9.253769073700137e-4
5411,2019,0.002853223074178212,0,0.002853223074178212
5411,2020,0.003413738003500892,0,0.003413738003500892
5411,2021,0.003413738003500892,0,0.003413738003500892
5411,2022,0.003413738003500892,0,0.003413738003500892
5411,2023,0.003413738003500892,0,0.003413738003500892
5411,2024,0.003413738003500892,0,0.003413738003500892
5411,2025,0.003413738003500892,0,0.003413738003500892
5412OP,2016,0,0,0
5412OP,2017,0,0,0
5412OP,2018,0.006499878711143933,0.001464134061900605,0.006499878711143933
5412OP,2019,0.02021024122637584,0.004271670507015517,0.02021024122637584
5412OP,2020,0.023603584152297494,0.004603099828285283,0.023603584152297494
5412OP,2021,0.023603584152297494,0.004603099828285283,0.023603584152297494
5412OP,2022,0.023603584152297494,0.004603099828285283,0.023603584152297494
5412OP,2023,0.023603584152297494,0.004603099828285283,0.023603584152297494
5412OP,2024,0.023603584152297494,0.004603099828285283,0.023603584152297494
5412OP,2025,0.023603584152297494,0.004603099828285283,0.023603584152297494
5415,2016,0,0,0
5415,2017,0,0,0
5415,2018,0.006294698008744205,0,0.006294698008744205
5415,2019,0.020187196914850495,0,0.020187196914850495
5415,2020,0.02367149259644213,0,0.02367149259644213
5415,2021,0.02367149259644213,0,0.02367149259644213
5415,2022,0.02367149259644213,0,0.02367149259644213
5415,2023,0.02367149259644213,0,0.02367149259644213
5415,2024,0.02367149259644213,0,0.02367149259644213
5415,2025,0.02367149259644213,0,0.02367149259644213
55,2016,0,0,0
55,2017,0,0,0
55,2018,0.0024897594476712566,0,0.0024897594476712566
55,2019,0.007780131106914174,0,0.007780131106914174
55,2020,0.009151517339563896,0,0.009151517339563896
55,2021,0.009151517339563896,0,0.009151517339563896
55,2022,0.009151517339563896,0,0.009151517339563896
55,2023,0.009151517339563896,0,0.009151517339563896
55,2024,0.009151517339563896,0,0.009151517339563896
55,2025,0.009151517339563896,0,0.009151517339563896
561,2016,0,0,0
561,2017,0,0,0
561,2018,0.008022406755656073,0,0.008022406755656073
561,2019,0.023798262865135533,0,0.023798262865135533
561,2020,0.027346040985238188,0,0.027346040985238188
561,2021,0.027346040985238188,0,0.027346040985238188
561,2022,0.027346040985238188,0,0.027346040985238188
561,2023,0.027346040985238188,0,0.027346040985238188
561,2024,0.027346040985238188,0,0.027346040985238188
561,2025,0.027346040985238188,0,0.027346040985238188
562,2016,0,0,0
562,2017,0,0,0
562,2018,0.016219511103205717,0.00889243448065607,0.016219511103205717
562,2019,0.04981996146110014,0.02730037991207436,0.04981996146110014
562,2020,0.058022015430642095,0.03195440650366702,0.058022015430642095
562,2021,0.058022015430642095,0.03195440650366702,0.058022015430642095
562,2022,0.058022015430642095,0.03195440650366702,0.058022015430642095
562,2023,0.058022015430642095,0.03195440650366702,0.058022015430642095
562,2024,0.058022015430642095,0.03195440650366702,0.058022015430642095
562,2025,0.058022015430642095,0.03195440650366702,0.058022015430642095
61,2016,0,0,0
61,2017,0,0,0
61,2018,0.007018799845645122,0.0027735737365842117,0.007018799845645122
61,2019,0.022386123434732265,0.009043933682154283,0.022386123434732265
61,2020,0.027216012078179697,0.01154233925073507,0.027216012078179697
61,2021,0.027216012078179697,0.01154233925073507,0.027216012078179697
61,2022,0.027216012078179697,0.01154233925073507,0.027216012078179697
61,2023,0.027216012078179697,0.01154233925073507,0.027216012078179697
61,2024,0.027216012078179697,0.01154233925073507,0.027216012078179697
61,2025,0.027216012078179697,0.01154233925073507,0.027216012078179697
621,2016,0,0,0
621,2017,0,0,0
621,2018,0.008210443390211083,0.0061249161337529525,0.008210443390211083
621,2019,0.01994173327163784,0.01277378561772226,0.01994173327163784
621,2020,0.022994071573451673,0.01441657557735129,0.022994071573451673
621,2021,0.022994071573451673,0.01441657557735129,0.022994071573451673
621,2022,0.022994071573451673,0.01441657557735129,0.022994071573451673
621,2023,0.022994071573451673,0.01441657557735129,0.022994071573451673
621,2024,0.022994071573451673,0.01441657557735129,0.022994071573451673
621,2025,0.022994071573451673,0.01441657557735129,0.022994071573451673
622,2016,0,0,0
622,2017,0,0,0
622,2018,0.007258767924970343,0.0031965865035357434,0.007258767924970343
622,2019,0.016141247780026163,0.0028384608706442495,0.016141247780026163
622,2020,0.019518865465139815,0.0038883851181627242,0.019518865465139815
622,2021,0.019518865465139815,0.0038883851181627242,0.019518865465139815
622,2022,0.019518865465139815,0.0038883851181627242,0.019518865465139815
622,2023,0.019518865465139815,0.0038883851181627242,0.019518865465139815
622,2024,0.019518865465139815,0.0038883851181627242,0.019518865465139815
622,2025,0.019518865465139815,0.0038883851181627242,0.019518865465139815
623,2016,0,0,0
623,2017,0,0,0
623,2018,0.006176588891232725,0.003895661691500776,0.006176588891232725
623,2019,0.019418542542261195,0.01222606367496875,0.019418542542261195
623,2020,0.023451980879002604,0.014798459117858164,0.023451980879002604
623,2021,0.023451980879002604,0.014798459117858164,0.023451980879002604
623,2022,0.023451980879002604,0.014798459117858164,0.023451980879002604
623,2023,0.023451980879002604,0.014798459117858164,0.023451980879002604
623,2024,0.023451980879002604,0.014798459117858164,0.023451980879002604
623,2025,0.023451980879002604,0.014798459117858164,0.023451980879002604
624,2016,0,0,0
624,2017,0,0,0
624,2018,0.016351571359522414,0.008929027833272755,0.016351571359522414
624,2019,0.05039884709488955,0.02911533755352053,0.05039884709488955
624,2020,0.06213102620909475,0.03715851036209178,0.06213102620909475
624,2021,0.06213102620909475,0.03715851036209178,0.06213102620909475
624,2022,0.06213102620909475,0.03715851036209178,0.06213102620909475
624,2023,0.06213102620909475,0.03715851036209178,0.06213102620909475
624,2024,0.06213102620909475,0.03715851036209178,0.06213102620909475
624,2025,0.06213102620909475,0.03715851036209178,0.06213102620909475
711AS,2016,0,0,0
711AS,2017,0,0,0
711AS,2018,0.0016932964378519938,0,0.0016932964378519938
711AS,2019,0.006181532942820976,0,0.006181532942820976
711AS,2020,0.007637805704639034,0,0.007637805704639034
711AS,2021,0.007637805704639034,0,0.007637805704639034
711AS,2022,0.007637805704639034,0,0.007637805704639034
711AS,2023,0.007637805704639034,0,0.007637805704639034
711AS,2024,0.007637805704639034,0,0.007637805704639034
711AS,2025,0.007637805704639034,0,0.007637805704639034
713,2016,0,0,0
713,2017,0,0,0
713,2018,0.008330286812924241,0.004708385546361571,0.008330286812924241
713,2019,0.02838327067117049,0.015352873467770133,0.02838327067117049
713,2020,0.03532308035885838,0.01959413682878764,0.03532308035885838
713,2021,0.03532308035885838,0.01959413682878764,0.03532308035885838
713,2022,0.03532308035885838,0.01959413682878764,0.03532308035885838
713,2023,0.03532308035885838,0.01959413682878764,0.03532308035885838
713,2024,0.03532308035885838,0.01959413682878764,0.03532308035885838
713,2025,0.03532308035885838,0.01959413682878764,0.03532308035885838
721,2016,0,0,0
721,2017,0,0,0
721,2018,0.007845461464723496,0.003766640705460538,0.007845461464723496
721,2019,0.026015160417908367,0.012282077918231556,0.026015160417908367
721,2020,0.032452228146076616,0.015675027595118556,0.032452228146076616
721,2021,0.032452228146076616,0.015675027595118556,0.032452228146076616
721,2022,0.032452228146076616,0.015675027595118556,0.032452228146076616
721,2023,0.032452228146076616,0.015675027595118556,0.032452228146076616
721,2024,0.032452228146076616,0.015675027595118556,0.032452228146076616
721,2025,0.032452228146076616,0.015675027595118556,0.032452228146076616
722,2016,0,0,0
722,2017,0,0,0
722,2018,0.013868451757417041,0.010878768859504957,0.013868451757417041
722,2019,0.04763605409023133,0.03547295779848858,0.04763605409023133
722,2020,0.06019356006457643,0.045272436478065135,0.06019356006457643
722,2021,0.06019356006457643,0.045272436478065135,0.06019356006457643
722,2022,0.06019356006457643,0.045272436478065135,0.06019356006457643
722,2023,0.06019356006457643,0.045272436478065135,0.06019356006457643
722,2024,0.06019356006457643,0.045272436478065135,0.06019356006457643
722,2025,0.06019356006457643,0.045272436478065135,0.06019356006457643
81,2016,0,0,0
81,2017,0,0,0
81,2018,0.012011276242852678,0.005359660777458052,0.012011276242852678
81,2019,0.03395837010910315,0.013080256170369939,0.03395837010910315
81,2020,0.03864424367912595,0.013965606651165129,0.03864424367912595
81,2021,0.03864424367912595,0.013965606651165129,0.03864424367912595
81,2022,0.03864424367912595,0.013965606651165129,0.03864424367912595
81,2023,0.03864424367912595,0.013965606651165129,0.03864424367912595
81,2024,0.03864424367912595,0.013965606651165129,0.03864424367912595
81,2025,0.03864424367912595,0.013965606651165129,0.03864424367912595
GFE,2016,0,0,0
GFE,2017,0,0,0
GFE,2018,0.01783734388872647,0.015207939367391511,0.01783734388872647
GFE,2019,0.05578452163445309,0.04697751697358178,0.05578452163445309
GFE,2020,0.06411666229220225,0.05318813131313132,0.06411666229220225
GFE,2021,0.06411666229220225,0.05318813131313132,0.06411666229220225
GFE,2022,0.06411666229220225,0.05318813131313132,0.06411666229220225
GFE,2023,0.06411666229220225,0.05318813131313132,0.06411666229220225
GFE,2024,0.06411666229220225,0.05318813131313132,0.06411666229220225
GFE,2025,0.06411666229220225,0.05318813131313132,0.06411666229220225
GFGD,2016,0,0,0
GFGD,2017,0,0,0
GFGD,2018,0.025990570185702076,0.01773283929612458,0.025990570185702076
GFGD,2019,0.0788148899796523,0.05573680797329036,0.0788148899796523
GFGD,2020,0.09080741014095726,0.06439107950985136,0.09080741014095726
GFGD,2021,0.09080741014095726,0.06439107950985136,0.09080741014095726
GFGD,2022,0.09080741014095726,0.06439107950985136,0.09080741014095726
GFGD,2023,0.09080741014095726,0.06439107950985136,0.09080741014095726
GFGD,2024,0.09080741014095726,0.06439107950985136,0.09080741014095726
GFGD,2025,0.09080741014095726,0.06439107950985136,0.09080741014095726
GFGN,2016,0,0,0
GFGN,2017,0,0,0
GFGN,2018,0.007907695016697422,0,0.007907695016697422
GFGN,2019,0.023921264361858912,0,0.023921264361858912
GFGN,2020,0.02806585924548584,0,0.02806585924548584
GFGN,2021,0.02806585924548584,0,0.02806585924548584
GFGN,2022,0.02806585924548584,0,0.02806585924548584
GFGN,2023,0.02806585924548584,0,0.02806585924548584
GFGN,2024,0.02806585924548584,0,0.02806585924548584
GFGN,2025,0.02806585924548584,0,0.02806585924548584
GSLE,2016,0,0,0
GSLE,2017,0,0,0
GSLE,2018,0.010540575424449276,0.004477304335920329,0.010540575424449276
GSLE,2019,0.04675036105169818,0.026863826015521976,0.04675036105169818
GSLE,2020,0.0569371394070283,0.03357978251940247,0.0569371394070283
GSLE,2021,0.0569371394070283,0.03357978251940247,0.0569371394070283
GSLE,2022,0.0569371394070283,0.03357978251940247,0.0569371394070283
GSLE,2023,0.0569371394070283,0.03357978251940247,0.0569371394070283
GSLE,2024,0.0569371394070283,0.03357978251940247,0.0569371394070283
GSLE,2025,0.0569371394070283,0.03357978251940247,0.0569371394070283
GSLG,2016,0,0,0
GSLG,2017,0,0,0
GSLG,2018,0.011564013065449555,0.007207907530285949,0.011564013065449555
GSLG,2019,0.04608566294465332,0.03344995129768508,0.04608566294465332
GSLG,2020,0.05675006866677009,0.042118610805982296,0.05675006866677009
GSLG,2021,0.05675006866677009,0.042118610805982296,0.05675006866677009
GSLG,2022,0.05675006866677009,0.042118610805982296,0.05675006866677009
GSLG,2023,0.05675006866677009,0.042118610805982296,0.05675006866677009
GSLG,2024,0.05675006866677009,0.042118610805982296,0.05675006866677009
GSLG,2025,0.05675006866677009,0.042118610805982296,0.05675006866677009
HS,2016,0,0,0
HS,2017,0,0,0
HS,2018,0.0010188432543747489,0,0.0010188432543747489
HS,2019,0.005389547933064864,0,0.005389547933064864
HS,2020,0.006718944702601353,0,0.006718944702601353
HS,2021,0.006718944702601353,0,0.006718944702601353
HS,2022,0.006718944702601353,0,0.006718944702601353
HS,2023,0.006718944702601353,0,0.006718944702601353
HS,2024,0.006718944702601353,0,0.006718944702601353
HS,2025,0.006718944702601353,0,0.006718944702601353
ORE,2016,0,0,0
ORE,2017,0,0,0
ORE,2018,0.00136599732417995,0,0.00136599732417995
ORE,2019,0.004713181274442925,0,0.004713181274442925
ORE,2020,0.005639518735303297,0,0.005639518735303297
ORE,2021,0.005639518735303297,0,0.005639518735303297
ORE,2022,0.005639518735303297,0,0.005639518735303297
ORE,2023,0.005639518735303297,0,0.005639518735303297
ORE,2024,0.005639518735303297,0,0.005639518735303297
ORE,2025,0.005639518735303297,0,0.005639518735303297
