year,category,source,series_id,value,base_value,price_index_1984_100,label
1984,apparel,BLS CPI-U,CUUR0000SAA,102.03333333333336,102.03333333333336,100.0,Apparel
1984,cpi_all,BLS CPI-U,CUUR0000SA0,103.88333333333333,103.88333333333333,100.0,CPI All Items
1984,durables,BLS CPI-U,CUUR0000SAD,105.1,105.1,100.0,Durable goods
1984,energy,BLS CPI-U,CUUR0000SA0E,100.925,100.925,100.0,Energy
1984,food,BLS CPI-U,CUUR0000SAF1,103.23333333333332,103.23333333333332,100.0,Food
1984,household_furnishings,BLS CPI-U,CUUR0000SAH3,101.85833333333332,101.85833333333332,100.0,Household furnishings
1984,medical_care,BLS CPI-U,CUUR0000SAM,106.85833333333332,106.85833333333332,100.0,Medical care
1984,new_vehicles,BLS CPI-U,CUUR0000SETA01,102.63333333333333,102.63333333333333,100.0,New vehicles
1984,rent_primary_residence,BLS CPI-U,CUUR0000SEHA,105.29166666666669,105.29166666666669,100.0,Rent
1984,shelter,BLS CPI-U,CUUR0000SAH1,103.99166666666667,103.99166666666667,100.0,Shelter
1984,transportation,BLS CPI-U,CUUR0000SAT,103.71666666666664,103.71666666666664,100.0,Transportation
1984,used_cars_trucks,BLS CPI-U,CUUR0000SETA02,112.51666666666668,112.51666666666668,100.0,Used cars and trucks
1985,apparel,BLS CPI-U,CUUR0000SAA,105.025,102.03333333333336,102.93204835021233,Apparel
1985,cpi_all,BLS CPI-U,CUUR0000SA0,107.56666666666666,103.88333333333333,103.5456441520937,CPI All Items
1985,durables,BLS CPI-U,CUUR0000SAD,106.75833333333333,105.1,101.5778623533143,Durable goods
1985,energy,BLS CPI-U,CUUR0000SA0E,101.63333333333333,100.925,100.70184130129634,Energy
1985,food,BLS CPI-U,CUUR0000SAF1,105.56666666666666,103.23333333333332,102.26025185663545,Food
1985,household_furnishings,BLS CPI-U,CUUR0000SAH3,103.85833333333332,101.85833333333332,101.9635114129101,Household furnishings
1985,medical_care,BLS CPI-U,CUUR0000SAM,113.51666666666668,106.85833333333332,106.2309911877096,Medical care
1985,new_vehicles,BLS CPI-U,CUUR0000SETA01,106.05,102.63333333333333,103.32900292302696,New vehicles
1985,rent_primary_residence,BLS CPI-U,CUUR0000SEHA,111.75833333333333,105.29166666666669,106.1416699643846,Rent
1985,shelter,BLS CPI-U,CUUR0000SAH1,109.81666666666666,103.99166666666667,105.6014103694206,Shelter
1985,transportation,BLS CPI-U,CUUR0000SAT,106.45833333333331,103.71666666666664,102.64341957255343,Transportation
1985,used_cars_trucks,BLS CPI-U,CUUR0000SETA02,113.70833333333331,112.51666666666668,101.0591023552066,Used cars and trucks
1986,apparel,BLS CPI-U,CUUR0000SAA,105.91666666666669,102.03333333333336,103.8059457693564,Apparel
1986,cpi_all,BLS CPI-U,CUUR0000SA0,109.60833333333332,103.88333333333333,105.51098989250762,CPI All Items
1986,durables,BLS CPI-U,CUUR0000SAD,106.575,105.1,101.40342530922932,Durable goods
1986,energy,BLS CPI-U,CUUR0000SA0E,88.23333333333333,100.925,87.42465527206672,Energy
1986,food,BLS CPI-U,CUUR0000SAF1,108.94166666666666,103.23333333333332,105.52954472069746,Food
1986,household_furnishings,BLS CPI-U,CUUR0000SAH3,105.2,101.85833333333332,103.28070031907062,Household furnishings
1986,medical_care,BLS CPI-U,CUUR0000SAM,122.04166666666669,106.85833333333332,114.20884348436407,Medical care
1986,new_vehicles,BLS CPI-U,CUUR0000SETA01,110.6,102.63333333333333,107.76226047417994,New vehicles
1986,rent_primary_residence,BLS CPI-U,CUUR0000SEHA,118.275,105.29166666666669,112.33082706766915,Rent
1986,shelter,BLS CPI-U,CUUR0000SAH1,115.825,103.99166666666667,111.37911691641958,Shelter
1986,transportation,BLS CPI-U,CUUR0000SAT,102.31666666666666,103.71666666666664,98.65016872890891,Transportation
1986,used_cars_trucks,BLS CPI-U,CUUR0000SETA02,108.78333333333336,112.51666666666668,96.68197304103097,Used cars and trucks
1987,apparel,BLS CPI-U,CUUR0000SAA,110.575,102.03333333333336,108.37144723946419,Apparel
1987,cpi_all,BLS CPI-U,CUUR0000SA0,113.625,103.88333333333333,109.37750681854645,CPI All Items
1987,durables,BLS CPI-U,CUUR0000SAD,108.19166666666666,105.1,102.94164287979702,Durable goods
1987,energy,BLS CPI-U,CUUR0000SA0E,88.58333333333333,100.925,87.77144744447196,Energy
1987,food,BLS CPI-U,CUUR0000SAF1,113.48333333333332,103.23333333333332,109.92896351307718,Food
1987,household_furnishings,BLS CPI-U,CUUR0000SAH3,107.09166666666664,101.85833333333332,105.13785486378137,Household furnishings
1987,medical_care,BLS CPI-U,CUUR0000SAM,130.14166666666668,106.85833333333332,121.78897293924982,Medical care
1987,new_vehicles,BLS CPI-U,CUUR0000SETA01,114.38333333333333,102.63333333333333,111.44852224748294,New vehicles
1987,rent_primary_residence,BLS CPI-U,CUUR0000SEHA,123.15,105.29166666666669,116.96082311040759,Rent
1987,shelter,BLS CPI-U,CUUR0000SAH1,121.24166666666667,103.99166666666667,116.58786761759757,Shelter
1987,transportation,BLS CPI-U,CUUR0000SAT,105.40833333333336,103.71666666666664,101.63104611923515,Transportation
1987,used_cars_trucks,BLS CPI-U,CUUR0000SETA02,113.09166666666664,112.51666666666668,100.51103540216259,Used cars and trucks
1988,apparel,BLS CPI-U,CUUR0000SAA,115.375,102.03333333333336,113.07579222476312,Apparel
1988,cpi_all,BLS CPI-U,CUUR0000SA0,118.25833333333333,103.88333333333333,113.83763837638377,CPI All Items
1988,durables,BLS CPI-U,CUUR0000SAD,110.36666666666667,105.1,105.01110053916906,Durable goods
1988,energy,BLS CPI-U,CUUR0000SA0E,89.25,100.925,88.43200396333911,Energy
1988,food,BLS CPI-U,CUUR0000SAF1,118.175,103.23333333333332,114.47368421052633,Food
1988,household_furnishings,BLS CPI-U,CUUR0000SAH3,109.38333333333333,101.85833333333332,107.38771169107422,Household furnishings
1988,medical_care,BLS CPI-U,CUUR0000SAM,138.64166666666668,106.85833333333332,129.74342977462373,Medical care
1988,new_vehicles,BLS CPI-U,CUUR0000SETA01,116.51666666666668,102.63333333333333,113.5271191945437,New vehicles
1988,rent_primary_residence,BLS CPI-U,CUUR0000SEHA,127.84166666666664,105.29166666666669,121.4166996438464,Rent
1988,shelter,BLS CPI-U,CUUR0000SAH1,127.08333333333331,103.99166666666667,122.20530491225257,Shelter
1988,transportation,BLS CPI-U,CUUR0000SAT,108.65833333333336,103.71666666666664,104.7645829985538,Transportation
1988,used_cars_trucks,BLS CPI-U,CUUR0000SETA02,117.96666666666664,112.51666666666668,104.84372685528068,Used cars and trucks
1989,apparel,BLS CPI-U,CUUR0000SAA,118.58333333333331,102.03333333333336,116.22018948056186,Apparel
1989,cpi_all,BLS CPI-U,CUUR0000SA0,123.96666666666664,103.88333333333333,119.33258463019412,CPI All Items
1989,durables,BLS CPI-U,CUUR0000SAD,112.15,105.1,106.70789724072314,Durable goods
1989,energy,BLS CPI-U,CUUR0000SA0E,94.31666666666666,100.925,93.45223350672941,Energy
1989,food,BLS CPI-U,CUUR0000SAF1,125.075,103.23333333333332,121.15757184371975,Food
1989,household_furnishings,BLS CPI-U,CUUR0000SAH3,111.24166666666667,101.85833333333332,109.21214104556984,Household furnishings
1989,medical_care,BLS CPI-U,CUUR0000SAM,149.25,106.85833333333332,139.67090384465416,Medical care
1989,new_vehicles,BLS CPI-U,CUUR0000SETA01,119.15833333333336,102.63333333333333,116.10100682039626,New vehicles
1989,rent_primary_residence,BLS CPI-U,CUUR0000SEHA,132.80833333333334,105.29166666666669,126.13375544123464,Rent
1989,shelter,BLS CPI-U,CUUR0000SAH1,132.83333333333334,103.99166666666667,127.73459411811845,Shelter
1989,transportation,BLS CPI-U,CUUR0000SAT,114.1,103.71666666666664,110.01124859392579,Transportation
1989,used_cars_trucks,BLS CPI-U,CUUR0000SETA02,120.43333333333334,112.51666666666668,107.03599466745666,Used cars and trucks
1990,apparel,BLS CPI-U,CUUR0000SAA,124.08333333333331,102.03333333333336,121.61058477621687,Apparel
1990,cpi_all,BLS CPI-U,CUUR0000SA0,130.65833333333333,103.88333333333333,125.77410556714264,CPI All Items
1990,durables,BLS CPI-U,CUUR0000SAD,113.41666666666669,105.1,107.9130986362195,Durable goods
1990,energy,BLS CPI-U,CUUR0000SA0E,102.09166666666664,100.925,101.15597390801747,Energy
1990,food,BLS CPI-U,CUUR0000SAF1,132.36666666666667,103.23333333333332,128.22085889570553,Food
1990,household_furnishings,BLS CPI-U,CUUR0000SAH3,113.26666666666668,101.85833333333332,111.20019635114132,Household furnishings
1990,medical_care,BLS CPI-U,CUUR0000SAM,162.79999999999998,106.85833333333332,152.35124385869142,Medical care
1990,new_vehicles,BLS CPI-U,CUUR0000SETA01,121.4,102.63333333333333,118.2851575186749,New vehicles
1990,rent_primary_residence,BLS CPI-U,CUUR0000SEHA,138.40833333333333,105.29166666666669,131.45231499802134,Rent
1990,shelter,BLS CPI-U,CUUR0000SAH1,139.98333333333332,103.99166666666667,134.61014504367336,Shelter
1990,transportation,BLS CPI-U,CUUR0000SAT,120.51666666666668,103.71666666666664,116.1979752530934,Transportation
1990,used_cars_trucks,BLS CPI-U,CUUR0000SETA02,117.56666666666666,112.51666666666668,104.48822396681972,Used cars and trucks
1991,apparel,BLS CPI-U,CUUR0000SAA,128.70833333333334,102.03333333333336,126.14341718392679,Apparel
1991,cpi_all,BLS CPI-U,CUUR0000SA0,136.19166666666666,103.88333333333333,131.1005936146318,CPI All Items
1991,durables,BLS CPI-U,CUUR0000SAD,116.0,105.1,110.3710751665081,Durable goods
1991,energy,BLS CPI-U,CUUR0000SA0E,102.45,100.925,101.5110230369086,Energy
1991,food,BLS CPI-U,CUUR0000SAF1,136.25,103.23333333333332,131.98256377139168,Food
1991,household_furnishings,BLS CPI-U,CUUR0000SAH3,115.96666666666664,101.85833333333332,113.8509367585699,Household furnishings
1991,medical_care,BLS CPI-U,CUUR0000SAM,177.01666666666665,106.85833333333332,165.655462840209,Medical care
1991,new_vehicles,BLS CPI-U,CUUR0000SETA01,125.98333333333332,102.63333333333333,122.75089314712568,New vehicles
1991,rent_primary_residence,BLS CPI-U,CUUR0000SEHA,143.31666666666666,105.29166666666669,136.1139691333597,Rent
1991,shelter,BLS CPI-U,CUUR0000SAH1,146.275,103.99166666666667,140.66030931965702,Shelter
1991,transportation,BLS CPI-U,CUUR0000SAT,123.83333333333331,103.71666666666664,119.3957898119878,Transportation
1991,used_cars_trucks,BLS CPI-U,CUUR0000SETA02,118.125,112.51666666666668,104.98444674862981,Used cars and trucks
1992,apparel,BLS CPI-U,CUUR0000SAA,131.875,102.03333333333336,129.24697811172817,Apparel
1992,cpi_all,BLS CPI-U,CUUR0000SA0,140.31666666666666,103.88333333333333,135.0713941922028,CPI All Items
1992,durables,BLS CPI-U,CUUR0000SAD,118.575,105.1,112.82112274024738,Durable goods
1992,energy,BLS CPI-U,CUUR0000SA0E,103.0,100.925,102.055982164974,Energy
1992,food,BLS CPI-U,CUUR0000SAF1,137.89166666666668,103.23333333333332,133.57281239909594,Food
1992,household_furnishings,BLS CPI-U,CUUR0000SAH3,117.99166666666667,101.85833333333332,115.8389920641414,Household furnishings
1992,medical_care,BLS CPI-U,CUUR0000SAM,190.0666666666667,106.85833333333332,177.8678936286361,Medical care
1992,new_vehicles,BLS CPI-U,CUUR0000SETA01,129.20833333333334,102.63333333333333,125.89314712569018,New vehicles
1992,rent_primary_residence,BLS CPI-U,CUUR0000SEHA,146.90833333333333,105.29166666666669,139.52512861100118,Rent
1992,shelter,BLS CPI-U,CUUR0000SAH1,151.19166666666666,103.99166666666667,145.3882522638032,Shelter
1992,transportation,BLS CPI-U,CUUR0000SAT,126.54166666666669,103.71666666666664,122.00707054475339,Transportation
1992,used_cars_trucks,BLS CPI-U,CUUR0000SETA02,123.16666666666669,112.51666666666668,109.46526440527329,Used cars and trucks
1993,apparel,BLS CPI-U,CUUR0000SAA,133.65833333333333,102.03333333333336,130.99477295001628,Apparel
1993,cpi_all,BLS CPI-U,CUUR0000SA0,144.45833333333334,103.88333333333333,139.05823840847106,CPI All Items
1993,durables,BLS CPI-U,CUUR0000SAD,121.26666666666668,105.1,115.38217570567714,Durable goods
1993,education_communication,BLS CPI-U,CUUR0000SAE,85.46666666666665,,,Education and communication
1993,energy,BLS CPI-U,CUUR0000SA0E,104.15,100.925,103.19544216001984,Energy
1993,food,BLS CPI-U,CUUR0000SAF1,140.85833333333332,103.23333333333332,136.4465611882467,Food
1993,household_furnishings,BLS CPI-U,CUUR0000SAH3,119.25833333333333,101.85833333333332,117.08254929231776,Household furnishings
1993,medical_care,BLS CPI-U,CUUR0000SAM,201.40833333333333,106.85833333333332,188.4816345628948,Medical care
1993,new_vehicles,BLS CPI-U,CUUR0000SETA01,132.74166666666667,102.63333333333333,129.33582331925953,New vehicles
1993,recreation,BLS CPI-U,CUUR0000SAR,90.71666666666664,,,Recreation goods/services
1993,rent_primary_residence,BLS CPI-U,CUUR0000SEHA,150.34166666666667,105.29166666666669,142.78591214879302,Rent
1993,shelter,BLS CPI-U,CUUR0000SAH1,155.73333333333332,103.99166666666667,149.7555893901755,Shelter
1993,transportation,BLS CPI-U,CUUR0000SAT,130.35833333333332,103.71666666666664,125.68696770046603,Transportation
1993,used_cars_trucks,BLS CPI-U,CUUR0000SETA02,133.88333333333333,112.51666666666668,118.98977929195674,Used cars and trucks
1994,apparel,BLS CPI-U,CUUR0000SAA,133.4,102.03333333333336,130.74158771643252,Apparel
1994,cpi_all,BLS CPI-U,CUUR0000SA0,148.225,103.88333333333333,142.68410075405103,CPI All Items
1994,durables,BLS CPI-U,CUUR0000SAD,124.79166666666669,105.1,118.73612432603873,Durable goods
1994,education_communication,BLS CPI-U,CUUR0000SAE,88.77499999999999,,,Education and communication
1994,energy,BLS CPI-U,CUUR0000SA0E,104.625,100.925,103.66608867971266,Energy
1994,food,BLS CPI-U,CUUR0000SAF1,144.275,103.23333333333332,139.75621569260576,Food
1994,household_furnishings,BLS CPI-U,CUUR0000SAH3,121.01666666666668,101.85833333333332,118.8088030761679,Household furnishings
1994,medical_care,BLS CPI-U,CUUR0000SAM,211.01666666666665,106.85833333333332,197.47329018170475,Medical care
1994,new_vehicles,BLS CPI-U,CUUR0000SETA01,137.58333333333334,102.63333333333333,134.05326404676845,New vehicles
1994,recreation,BLS CPI-U,CUUR0000SAR,92.69166666666666,,,Recreation goods/services
1994,rent_primary_residence,BLS CPI-U,CUUR0000SEHA,154.00833333333333,105.29166666666669,146.2683023347843,Rent
1994,shelter,BLS CPI-U,CUUR0000SAH1,160.525,103.99166666666667,154.36333039506368,Shelter
1994,transportation,BLS CPI-U,CUUR0000SAT,134.29999999999998,103.71666666666664,129.4873855053833,Transportation
1994,used_cars_trucks,BLS CPI-U,CUUR0000SETA02,141.65833333333333,112.51666666666668,125.89986668641681,Used cars and trucks
1995,apparel,BLS CPI-U,CUUR0000SAA,131.95833333333334,102.03333333333336,129.32865076772296,Apparel
1995,cpi_all,BLS CPI-U,CUUR0000SA0,152.38333333333333,103.88333333333333,146.6869886090165,CPI All Items
1995,durables,BLS CPI-U,CUUR0000SAD,127.99166666666667,105.1,121.78084364097685,Durable goods
1995,education_communication,BLS CPI-U,CUUR0000SAE,92.19166666666666,,,Education and communication
1995,energy,BLS CPI-U,CUUR0000SA0E,105.24166666666667,100.925,104.27710345966479,Energy
1995,food,BLS CPI-U,CUUR0000SAF1,148.41666666666666,103.23333333333332,143.7681627381337,Food
1995,household_furnishings,BLS CPI-U,CUUR0000SAH3,123.00833333333333,101.85833333333332,120.7641331915242,Household furnishings
1995,medical_care,BLS CPI-U,CUUR0000SAM,220.46666666666667,106.85833333333332,206.31677454573816,Medical care
1995,new_vehicles,BLS CPI-U,CUUR0000SETA01,140.95000000000002,102.63333333333333,137.33354985384867,New vehicles
1995,recreation,BLS CPI-U,CUUR0000SAR,94.53333333333336,,,Recreation goods/services
1995,rent_primary_residence,BLS CPI-U,CUUR0000SEHA,157.775,105.29166666666669,149.84566679857537,Rent
1995,shelter,BLS CPI-U,CUUR0000SAH1,165.68333333333334,103.99166666666667,159.32366375510858,Shelter
1995,transportation,BLS CPI-U,CUUR0000SAT,139.10833333333332,103.71666666666664,134.12341314478547,Transportation
1995,used_cars_trucks,BLS CPI-U,CUUR0000SETA02,156.45000000000002,112.51666666666668,139.0460672492964,Used cars and trucks
1996,apparel,BLS CPI-U,CUUR0000SAA,131.70000000000002,102.03333333333336,129.07546553413914,Apparel
1996,cpi_all,BLS CPI-U,CUUR0000SA0,156.85,103.88333333333333,150.9866837798813,CPI All Items
1996,durables,BLS CPI-U,CUUR0000SAD,129.35833333333332,105.1,123.08119251506501,Durable goods
1996,education_communication,BLS CPI-U,CUUR0000SAE,95.325,,,Education and communication
1996,energy,BLS CPI-U,CUUR0000SA0E,110.13333333333333,100.925,109.12393691685244,Energy
1996,food,BLS CPI-U,CUUR0000SAF1,153.28333333333333,103.23333333333332,148.4824023248305,Food
1996,household_furnishings,BLS CPI-U,CUUR0000SAH3,124.675,101.85833333333332,122.4003927022826,Household furnishings
1996,medical_care,BLS CPI-U,CUUR0000SAM,228.225,106.85833333333332,213.57716602979022,Medical care
1996,new_vehicles,BLS CPI-U,CUUR0000SETA01,143.66666666666666,102.63333333333333,139.9805131536213,New vehicles
1996,recreation,BLS CPI-U,CUUR0000SAR,97.425,,,Recreation goods/services
1996,rent_primary_residence,BLS CPI-U,CUUR0000SEHA,161.95000000000002,105.29166666666669,153.81084289671549,Rent
1996,shelter,BLS CPI-U,CUUR0000SAH1,171.03333333333333,103.99166666666667,164.46830675534898,Shelter
1996,transportation,BLS CPI-U,CUUR0000SAT,143.03333333333333,103.71666666666664,137.90776152980882,Transportation
1996,used_cars_trucks,BLS CPI-U,CUUR0000SETA02,157.04166666666666,112.51666666666668,139.57191527181158,Used cars and trucks
1997,apparel,BLS CPI-U,CUUR0000SAA,132.85,102.03333333333336,130.202548186867,Apparel
1997,cpi_all,BLS CPI-U,CUUR0000SA0,160.51666666666668,103.88333333333333,154.51628429327775,CPI All Items
1997,durables,BLS CPI-U,CUUR0000SAD,128.725,105.1,122.47859181731684,Durable goods
1997,education_communication,BLS CPI-U,CUUR0000SAE,98.44166666666666,,,Education and communication
1997,energy,BLS CPI-U,CUUR0000SA0E,111.51666666666668,100.925,110.4945916935018,Energy
1997,food,BLS CPI-U,CUUR0000SAF1,157.275,103.23333333333332,152.349047465289,Food
1997,household_furnishings,BLS CPI-U,CUUR0000SAH3,125.36666666666667,101.85833333333332,123.07944039924735,Household furnishings
1997,medical_care,BLS CPI-U,CUUR0000SAM,234.58333333333331,106.85833333333332,219.52741168213365,Medical care
1997,new_vehicles,BLS CPI-U,CUUR0000SETA01,144.25,102.63333333333333,140.54887950633324,New vehicles
1997,recreation,BLS CPI-U,CUUR0000SAR,99.63333333333333,,,Recreation goods/services
1997,rent_primary_residence,BLS CPI-U,CUUR0000SEHA,166.66666666666666,105.29166666666669,158.29046299960424,Rent
1997,shelter,BLS CPI-U,CUUR0000SAH1,176.275,103.99166666666667,169.50877474156582,Shelter
1997,transportation,BLS CPI-U,CUUR0000SAT,144.275,103.71666666666664,139.10493331190747,Transportation
1997,used_cars_trucks,BLS CPI-U,CUUR0000SETA02,151.125,112.51666666666668,134.31343504665975,Used cars and trucks
1998,apparel,BLS CPI-U,CUUR0000SAA,133.025,102.03333333333336,130.37406076445603,Apparel
1998,cpi_all,BLS CPI-U,CUUR0000SA0,163.00833333333333,103.88333333333333,156.91480827851757,CPI All Items
1998,durables,BLS CPI-U,CUUR0000SAD,127.55833333333334,105.1,121.3685379004123,Durable goods
1998,education_communication,BLS CPI-U,CUUR0000SAE,100.28333333333336,,,Education and communication
1998,energy,BLS CPI-U,CUUR0000SA0E,102.875,100.925,101.9321278176864,Energy
1998,food,BLS CPI-U,CUUR0000SAF1,160.68333333333334,103.23333333333332,155.65062964158867,Food
1998,household_furnishings,BLS CPI-U,CUUR0000SAH3,126.55,101.85833333333332,124.2411846518858,Household furnishings
1998,medical_care,BLS CPI-U,CUUR0000SAM,242.13333333333333,106.85833333333332,226.5928409888482,Medical care
1998,new_vehicles,BLS CPI-U,CUUR0000SETA01,143.44166666666666,102.63333333333333,139.761286131861,New vehicles
1998,recreation,BLS CPI-U,CUUR0000SAR,101.05,,,Recreation goods/services
1998,rent_primary_residence,BLS CPI-U,CUUR0000SEHA,172.07500000000002,105.29166666666669,163.42698852394142,Rent
1998,shelter,BLS CPI-U,CUUR0000SAH1,182.10833333333332,103.99166666666667,175.11819857360362,Shelter
1998,transportation,BLS CPI-U,CUUR0000SAT,141.54999999999998,103.71666666666664,136.47758315924796,Transportation
1998,used_cars_trucks,BLS CPI-U,CUUR0000SETA02,150.60833333333332,112.51666666666668,133.85424381573097,Used cars and trucks
1999,apparel,BLS CPI-U,CUUR0000SAA,131.29166666666666,102.03333333333336,128.67526951976473,Apparel
1999,cpi_all,BLS CPI-U,CUUR0000SA0,166.57500000000002,103.88333333333333,160.34814695973049,CPI All Items
1999,durables,BLS CPI-U,CUUR0000SAD,125.96666666666664,105.1,119.85410719949252,Durable goods
1999,education_communication,BLS CPI-U,CUUR0000SAE,101.175,,,Education and communication
1999,energy,BLS CPI-U,CUUR0000SA0E,106.61666666666667,100.925,105.63950127982827,Energy
1999,food,BLS CPI-U,CUUR0000SAF1,164.1,103.23333333333332,158.96028414594772,Food
1999,household_furnishings,BLS CPI-U,CUUR0000SAH3,126.74166666666667,101.85833333333332,124.42935449562302,Household furnishings
1999,medical_care,BLS CPI-U,CUUR0000SAM,250.58333333333331,106.85833333333332,234.5005069016611,Medical care
1999,new_vehicles,BLS CPI-U,CUUR0000SETA01,142.85833333333332,102.63333333333333,139.19291977914907,New vehicles
1999,recreation,BLS CPI-U,CUUR0000SAR,101.95833333333331,,,Recreation goods/services
1999,rent_primary_residence,BLS CPI-U,CUUR0000SEHA,177.48333333333335,105.29166666666669,168.5635140482786,Rent
1999,shelter,BLS CPI-U,CUUR0000SAH1,187.25833333333333,103.99166666666667,180.0705184710313,Shelter
1999,transportation,BLS CPI-U,CUUR0000SAT,144.4,103.71666666666664,139.22545396111207,Transportation
1999,used_cars_trucks,BLS CPI-U,CUUR0000SETA02,152.03333333333333,112.51666666666668,135.12072285587317,Used cars and trucks
2000,apparel,BLS CPI-U,CUUR0000SAA,129.57500000000002,102.03333333333336,126.99281280627244,Apparel
2000,cpi_all,BLS CPI-U,CUUR0000SA0,172.20000000000002,103.88333333333333,165.76287502005457,CPI All Items
2000,durables,BLS CPI-U,CUUR0000SAD,125.375,105.1,119.29115128449097,Durable goods
2000,education_communication,BLS CPI-U,CUUR0000SAE,102.50833333333333,,,Education and communication
2000,energy,BLS CPI-U,CUUR0000SA0E,124.60833333333332,100.925,123.46627033275534,Energy
2000,food,BLS CPI-U,CUUR0000SAF1,167.81666666666666,103.23333333333332,162.5605424604456,Food
2000,household_furnishings,BLS CPI-U,CUUR0000SAH3,128.24166666666665,101.85833333333332,125.90198805530557,Household furnishings
2000,medical_care,BLS CPI-U,CUUR0000SAM,260.75,106.85833333333332,244.0146611557358,Medical care
2000,new_vehicles,BLS CPI-U,CUUR0000SETA01,142.75,102.63333333333333,139.08736602793115,New vehicles
2000,recreation,BLS CPI-U,CUUR0000SAR,103.30833333333334,,,Recreation goods/services
2000,rent_primary_residence,BLS CPI-U,CUUR0000SEHA,183.925,105.29166666666669,174.68144044321326,Rent
2000,shelter,BLS CPI-U,CUUR0000SAH1,193.35,103.99166666666667,185.92835964420226,Shelter
2000,transportation,BLS CPI-U,CUUR0000SAT,153.33333333333334,103.71666666666664,147.83866302426486,Transportation
2000,used_cars_trucks,BLS CPI-U,CUUR0000SETA02,155.75833333333333,112.51666666666668,138.43134350466596,Used cars and trucks
2001,apparel,BLS CPI-U,CUUR0000SAA,127.26666666666668,102.03333333333336,124.73048023521723,Apparel
2001,cpi_all,BLS CPI-U,CUUR0000SA0,177.0666666666667,103.88333333333333,170.4476175196535,CPI All Items
2001,durables,BLS CPI-U,CUUR0000SAD,124.61666666666667,105.1,118.56961623850302,Durable goods
2001,education_communication,BLS CPI-U,CUUR0000SAE,105.24166666666667,,,Education and communication
2001,energy,BLS CPI-U,CUUR0000SA0E,129.29166666666666,100.925,128.10667987779703,Energy
2001,food,BLS CPI-U,CUUR0000SAF1,173.08333333333334,103.23333333333332,167.6622537939942,Food
2001,household_furnishings,BLS CPI-U,CUUR0000SAH3,129.07500000000002,101.85833333333332,126.72011781068481,Household furnishings
2001,medical_care,BLS CPI-U,CUUR0000SAM,272.7583333333333,106.85833333333332,255.25228105747487,Medical care
2001,new_vehicles,BLS CPI-U,CUUR0000SETA01,142.10833333333332,102.63333333333333,138.46216303994802,New vehicles
2001,recreation,BLS CPI-U,CUUR0000SAR,104.90833333333336,,,Recreation goods/services
2001,rent_primary_residence,BLS CPI-U,CUUR0000SEHA,192.11666666666667,105.29166666666669,182.46141669964382,Rent
2001,shelter,BLS CPI-U,CUUR0000SAH1,200.5583333333333,103.99166666666667,192.86000480807752,Shelter
2001,transportation,BLS CPI-U,CUUR0000SAT,154.25,103.71666666666664,148.72248111843166,Transportation
2001,used_cars_trucks,BLS CPI-U,CUUR0000SETA02,158.70000000000002,112.51666666666668,141.04577099688936,Used cars and trucks
2002,apparel,BLS CPI-U,CUUR0000SAA,124.025,102.03333333333336,121.55341391702055,Apparel
2002,cpi_all,BLS CPI-U,CUUR0000SA0,179.875,103.88333333333333,173.1509706401412,CPI All Items
2002,durables,BLS CPI-U,CUUR0000SAD,121.41666666666669,105.1,115.5248969235649,Durable goods
2002,education_communication,BLS CPI-U,CUUR0000SAE,107.89166666666668,,,Education and communication
2002,energy,BLS CPI-U,CUUR0000SA0E,121.675,100.925,120.5598216497399,Energy
2002,food,BLS CPI-U,CUUR0000SAF1,176.21666666666667,103.23333333333332,170.69744914433323,Food
2002,household_furnishings,BLS CPI-U,CUUR0000SAH3,128.34166666666667,101.85833333333332,126.0001636259511,Household furnishings
2002,medical_care,BLS CPI-U,CUUR0000SAM,285.6,106.85833333333332,267.2697496685644,Medical care
2002,new_vehicles,BLS CPI-U,CUUR0000SETA01,140.0,102.63333333333333,136.40792465086068,New vehicles
2002,recreation,BLS CPI-U,CUUR0000SAR,106.23333333333332,,,Recreation goods/services
2002,rent_primary_residence,BLS CPI-U,CUUR0000SEHA,199.66666666666663,105.29166666666669,189.63197467352586,Rent
2002,shelter,BLS CPI-U,CUUR0000SAH1,208.09166666666667,103.99166666666667,200.10417501402355,Shelter
2002,transportation,BLS CPI-U,CUUR0000SAT,152.85833333333332,103.71666666666664,147.3806845572875,Transportation
2002,used_cars_trucks,BLS CPI-U,CUUR0000SETA02,151.975,112.51666666666668,135.0688786846393,Used cars and trucks
2003,apparel,BLS CPI-U,CUUR0000SAA,120.875,102.03333333333336,118.46618752041813,Apparel
2003,cpi_all,BLS CPI-U,CUUR0000SA0,183.95833333333331,103.88333333333333,177.08166212096904,CPI All Items
2003,durables,BLS CPI-U,CUUR0000SAD,117.49166666666667,105.1,111.79035838883604,Durable goods
2003,education_communication,BLS CPI-U,CUUR0000SAE,109.78333333333336,,,Education and communication
2003,energy,BLS CPI-U,CUUR0000SA0E,136.49166666666667,100.925,135.24069028156222,Energy
2003,food,BLS CPI-U,CUUR0000SAF1,179.975,103.23333333333332,174.3380690991282,Food
2003,household_furnishings,BLS CPI-U,CUUR0000SAH3,126.11666666666667,101.85833333333332,123.81575717908864,Household furnishings
2003,medical_care,BLS CPI-U,CUUR0000SAM,297.075,106.85833333333332,278.00826639631913,Medical care
2003,new_vehicles,BLS CPI-U,CUUR0000SETA01,137.85,102.63333333333333,134.31308866515104,New vehicles
2003,recreation,BLS CPI-U,CUUR0000SAR,107.525,,,Recreation goods/services
2003,rent_primary_residence,BLS CPI-U,CUUR0000SEHA,205.51666666666665,105.29166666666669,195.18796992481197,Rent
2003,shelter,BLS CPI-U,CUUR0000SAH1,213.11666666666667,103.99166666666667,204.93629297219326,Shelter
2003,transportation,BLS CPI-U,CUUR0000SAT,157.55833333333334,103.71666666666664,151.9122609673791,Transportation
2003,used_cars_trucks,BLS CPI-U,CUUR0000SETA02,142.91666666666666,112.51666666666668,127.01821952303361,Used cars and trucks
2004,apparel,BLS CPI-U,CUUR0000SAA,120.43333333333334,102.03333333333336,118.03332244364584,Apparel
2004,cpi_all,BLS CPI-U,CUUR0000SA0,188.88333333333333,103.88333333333333,181.82255735600833,CPI All Items
2004,durables,BLS CPI-U,CUUR0000SAD,114.76666666666668,105.1,109.19758959720902,Durable goods
2004,education_communication,BLS CPI-U,CUUR0000SAE,111.58333333333331,,,Education and communication
2004,energy,BLS CPI-U,CUUR0000SA0E,151.39166666666668,100.925,150.00412847824293,Energy
2004,food,BLS CPI-U,CUUR0000SAF1,186.175,103.23333333333332,180.343881175331,Food
2004,household_furnishings,BLS CPI-U,CUUR0000SAH3,125.475,101.85833333333332,123.18579726744663,Household furnishings
2004,medical_care,BLS CPI-U,CUUR0000SAM,310.1333333333333,106.85833333333332,290.2284956718397,Medical care
2004,new_vehicles,BLS CPI-U,CUUR0000SETA01,137.05833333333334,102.63333333333333,133.5417343293277,New vehicles
2004,recreation,BLS CPI-U,CUUR0000SAR,108.625,,,Recreation goods/services
2004,rent_primary_residence,BLS CPI-U,CUUR0000SEHA,211.025,105.29166666666669,200.41946972694893,Rent
2004,shelter,BLS CPI-U,CUUR0000SAH1,218.84166666666667,103.99166666666667,210.44154179020757,Shelter
2004,transportation,BLS CPI-U,CUUR0000SAT,163.1,103.71666666666664,157.25534308211476,Transportation
2004,used_cars_trucks,BLS CPI-U,CUUR0000SETA02,133.32500000000002,112.51666666666668,118.49355651014663,Used cars and trucks
2005,apparel,BLS CPI-U,CUUR0000SAA,119.54166666666669,102.03333333333336,117.15942502450179,Apparel
2005,cpi_all,BLS CPI-U,CUUR0000SA0,195.29166666666663,103.88333333333333,187.99133643510345,CPI All Items
2005,durables,BLS CPI-U,CUUR0000SAD,115.25,105.1,109.65746907706946,Durable goods
2005,education_communication,BLS CPI-U,CUUR0000SAE,113.68333333333334,,,Education and communication
2005,energy,BLS CPI-U,CUUR0000SA0E,177.04999999999998,100.925,175.42729749814217,Energy
2005,food,BLS CPI-U,CUUR0000SAF1,190.725,103.23333333333332,184.75137229577012,Food
2005,household_furnishings,BLS CPI-U,CUUR0000SAH3,126.09166666666664,101.85833333333332,123.79121328642722,Household furnishings
2005,medical_care,BLS CPI-U,CUUR0000SAM,323.225,106.85833333333332,302.4799188957343,Medical care
2005,new_vehicles,BLS CPI-U,CUUR0000SETA01,137.90833333333333,102.63333333333333,134.3699253004222,New vehicles
2005,recreation,BLS CPI-U,CUUR0000SAR,109.35,,,Recreation goods/services
2005,rent_primary_residence,BLS CPI-U,CUUR0000SEHA,217.34166666666667,105.29166666666669,206.41867827463392,Rent
2005,shelter,BLS CPI-U,CUUR0000SAH1,224.425,103.99166666666667,215.81056174372947,Shelter
2005,transportation,BLS CPI-U,CUUR0000SAT,173.90833333333333,103.71666666666664,167.67636188333606,Transportation
2005,used_cars_trucks,BLS CPI-U,CUUR0000SETA02,139.44166666666666,112.51666666666668,123.92978817952893,Used cars and trucks
2006,apparel,BLS CPI-U,CUUR0000SAA,119.45,102.03333333333336,117.06958510290752,Apparel
2006,cpi_all,BLS CPI-U,CUUR0000SA0,201.59166666666667,103.88333333333333,194.05583186266645,CPI All Items
2006,durables,BLS CPI-U,CUUR0000SAD,114.46666666666664,105.1,108.91214716143354,Durable goods
2006,education_communication,BLS CPI-U,CUUR0000SAE,116.76666666666668,,,Education and communication
2006,energy,BLS CPI-U,CUUR0000SA0E,196.85833333333332,100.925,195.05408306498225,Energy
2006,food,BLS CPI-U,CUUR0000SAF1,195.175,103.23333333333332,189.06199547949632,Food
2006,household_furnishings,BLS CPI-U,CUUR0000SAH3,127.025,101.85833333333332,124.70751861245195,Household furnishings
2006,medical_care,BLS CPI-U,CUUR0000SAM,336.18333333333334,106.85833333333332,314.6065663261328,Medical care
2006,new_vehicles,BLS CPI-U,CUUR0000SETA01,137.58333333333334,102.63333333333333,134.05326404676845,New vehicles
2006,recreation,BLS CPI-U,CUUR0000SAR,110.925,,,Recreation goods/services
2006,rent_primary_residence,BLS CPI-U,CUUR0000SEHA,225.09166666666667,105.29166666666669,213.77918480411552,Rent
2006,shelter,BLS CPI-U,CUUR0000SAH1,232.13333333333333,103.99166666666667,223.22301466463657,Shelter
2006,transportation,BLS CPI-U,CUUR0000SAT,180.85833333333332,103.71666666666664,174.37730997910978,Transportation
2006,used_cars_trucks,BLS CPI-U,CUUR0000SETA02,139.99166666666667,112.51666666666668,124.4186046511628,Used cars and trucks
2007,apparel,BLS CPI-U,CUUR0000SAA,118.99825,102.03333333333336,116.62683763475985,Apparel
2007,cpi_all,BLS CPI-U,CUUR0000SA0,207.34241666666665,103.88333333333333,199.59160917696133,CPI All Items
2007,durables,BLS CPI-U,CUUR0000SAD,112.47341666666668,105.1,107.01562004440217,Durable goods
2007,education_communication,BLS CPI-U,CUUR0000SAE,119.57666666666668,,,Education and communication
2007,energy,BLS CPI-U,CUUR0000SA0E,207.72325,100.925,205.8194203616547,Energy
2007,food,BLS CPI-U,CUUR0000SAF1,202.91591666666667,103.23333333333332,196.56046173716504,Food
2007,household_furnishings,BLS CPI-U,CUUR0000SAH3,126.8745,101.85833333333332,124.55976437863046,Household furnishings
2007,medical_care,BLS CPI-U,CUUR0000SAM,351.05358333333334,106.85833333333332,328.5224206503939,Medical care
2007,new_vehicles,BLS CPI-U,CUUR0000SETA01,136.25441666666666,102.63333333333333,132.75844430009744,New vehicles
2007,recreation,BLS CPI-U,CUUR0000SAR,111.44325,,,Recreation goods/services
2007,rent_primary_residence,BLS CPI-U,CUUR0000SEHA,234.67891666666665,105.29166666666669,222.88460625247325,Rent
2007,shelter,BLS CPI-U,CUUR0000SAH1,240.61058333333332,103.99166666666667,231.37486978123243,Shelter
2007,transportation,BLS CPI-U,CUUR0000SAT,184.68158333333332,103.71666666666664,178.06355455568058,Transportation
2007,used_cars_trucks,BLS CPI-U,CUUR0000SETA02,135.74666666666667,112.51666666666668,120.64583024737074,Used cars and trucks
2008,apparel,BLS CPI-U,CUUR0000SAA,118.90691666666667,102.03333333333336,116.53732440378958,Apparel
2008,cpi_all,BLS CPI-U,CUUR0000SA0,215.3025,103.88333333333333,207.25413123696458,CPI All Items
2008,durables,BLS CPI-U,CUUR0000SAD,110.87733333333334,105.1,105.49698699651127,Durable goods
2008,education_communication,BLS CPI-U,CUUR0000SAE,123.63141666666668,,,Education and communication
2008,energy,BLS CPI-U,CUUR0000SA0E,236.66625,100.925,234.4971513500124,Energy
2008,food,BLS CPI-U,CUUR0000SAF1,214.10641666666663,103.23333333333332,207.40046819502743,Food
2008,household_furnishings,BLS CPI-U,CUUR0000SAH3,127.80041666666666,101.85833333333332,125.46878834983231,Household furnishings
2008,medical_care,BLS CPI-U,CUUR0000SAM,364.06483333333335,106.85833333333332,340.69858847383614,Medical care
2008,new_vehicles,BLS CPI-U,CUUR0000SETA01,134.19366666666667,102.63333333333333,130.75056836635272,New vehicles
2008,recreation,BLS CPI-U,CUUR0000SAR,113.25391666666668,,,Recreation goods/services
2008,rent_primary_residence,BLS CPI-U,CUUR0000SEHA,243.27116666666663,105.29166666666669,231.0450336367233,Rent
2008,shelter,BLS CPI-U,CUUR0000SAH1,246.66641666666663,103.99166666666667,237.1982530651494,Shelter
2008,transportation,BLS CPI-U,CUUR0000SAT,195.54933333333332,103.71666666666664,188.54186083882377,Transportation
2008,used_cars_trucks,BLS CPI-U,CUUR0000SETA02,133.9511666666667,112.51666666666668,119.05006665679159,Used cars and trucks
2009,apparel,BLS CPI-U,CUUR0000SAA,120.07816666666668,102.03333333333336,117.68523358379612,Apparel
2009,cpi_all,BLS CPI-U,CUUR0000SA0,214.537,103.88333333333333,206.51724691159959,CPI All Items
2009,durables,BLS CPI-U,CUUR0000SAD,109.85891666666669,105.1,104.52798921661912,Durable goods
2009,education_communication,BLS CPI-U,CUUR0000SAE,127.39333333333332,,,Education and communication
2009,energy,BLS CPI-U,CUUR0000SA0E,193.12625,100.925,191.35620510279912,Energy
2009,food,BLS CPI-U,CUUR0000SAF1,217.95508333333336,103.23333333333332,211.1285921859865,Food
2009,household_furnishings,BLS CPI-U,CUUR0000SAH3,128.70141666666666,101.85833333333332,126.35335024134828,Household furnishings
2009,medical_care,BLS CPI-U,CUUR0000SAM,375.6132500000001,106.85833333333332,351.5058098728848,Medical care
2009,new_vehicles,BLS CPI-U,CUUR0000SETA01,135.62341666666666,102.63333333333333,132.14363429684963,New vehicles
2009,recreation,BLS CPI-U,CUUR0000SAR,114.27233333333334,,,Recreation goods/services
2009,rent_primary_residence,BLS CPI-U,CUUR0000SEHA,248.81158333333332,105.29166666666669,236.30700435298766,Rent
2009,shelter,BLS CPI-U,CUUR0000SAH1,249.35425,103.99166666666667,239.7829152977001,Shelter
2009,transportation,BLS CPI-U,CUUR0000SAT,179.25241666666668,103.71666666666664,172.82894102522903,Transportation
2009,used_cars_trucks,BLS CPI-U,CUUR0000SETA02,126.97275,112.51666666666668,112.84794845208117,Used cars and trucks
2010,apparel,BLS CPI-U,CUUR0000SAA,119.50308333333334,102.03333333333336,117.12161058477619,Apparel
2010,cpi_all,BLS CPI-U,CUUR0000SA0,218.0555,103.88333333333333,209.9042194769774,CPI All Items
2010,durables,BLS CPI-U,CUUR0000SAD,111.32433333333334,105.1,105.92229622581671,Durable goods
2010,education_communication,BLS CPI-U,CUUR0000SAE,129.91916666666663,,,Education and communication
2010,energy,BLS CPI-U,CUUR0000SA0E,211.449,100.925,209.5110230369086,Energy
2010,food,BLS CPI-U,CUUR0000SAF1,219.62508333333332,103.23333333333332,212.7462867290927,Food
2010,household_furnishings,BLS CPI-U,CUUR0000SAH3,125.4895,101.85833333333332,123.20003272519024,Household furnishings
2010,medical_care,BLS CPI-U,CUUR0000SAM,388.4356666666667,106.85833333333332,363.50526397878815,Medical care
2010,new_vehicles,BLS CPI-U,CUUR0000SETA01,138.0055,102.63333333333333,134.4645988957454,New vehicles
2010,recreation,BLS CPI-U,CUUR0000SAR,113.31325,,,Recreation goods/services
2010,rent_primary_residence,BLS CPI-U,CUUR0000SEHA,249.38541666666663,105.29166666666669,236.85199841709527,Rent
2010,shelter,BLS CPI-U,CUUR0000SAH1,248.39616666666663,103.99166666666667,238.86160750060097,Shelter
2010,transportation,BLS CPI-U,CUUR0000SAT,193.3959166666667,103.71666666666664,186.46561144142703,Transportation
2010,used_cars_trucks,BLS CPI-U,CUUR0000SETA02,143.12808333333334,112.51666666666668,127.20611761220559,Used cars and trucks
2011,apparel,BLS CPI-U,CUUR0000SAA,122.11066666666666,102.03333333333336,119.67722966350863,Apparel
2011,cpi_all,BLS CPI-U,CUUR0000SA0,224.9391666666667,103.88333333333333,216.5305631317183,CPI All Items
2011,durables,BLS CPI-U,CUUR0000SAD,112.55658333333334,105.1,107.09475103076436,Durable goods
2011,education_communication,BLS CPI-U,CUUR0000SAE,131.46641666666667,,,Education and communication
2011,energy,BLS CPI-U,CUUR0000SA0E,243.9090833333333,100.925,241.67360251011476,Energy
2011,food,BLS CPI-U,CUUR0000SAF1,227.8415,103.23333333333332,220.70536002583148,Food
2011,household_furnishings,BLS CPI-U,CUUR0000SAH3,124.94258333333332,101.85833333333332,122.66309416673484,Household furnishings
2011,medical_care,BLS CPI-U,CUUR0000SAM,400.2575,106.85833333333332,374.56835373937463,Medical care
2011,new_vehicles,BLS CPI-U,CUUR0000SETA01,141.88341666666668,102.63333333333333,138.243017213381,New vehicles
2011,recreation,BLS CPI-U,CUUR0000SAR,113.35733333333332,,,Recreation goods/services
2011,rent_primary_residence,BLS CPI-U,CUUR0000SEHA,253.63816666666665,105.29166666666669,240.8910170162247,Rent
2011,shelter,BLS CPI-U,CUUR0000SAH1,251.64575,103.99166666666667,241.98645724817692,Shelter
2011,transportation,BLS CPI-U,CUUR0000SAT,212.366,103.71666666666664,204.7559055118111,Transportation
2011,used_cars_trucks,BLS CPI-U,CUUR0000SETA02,149.0105,112.51666666666668,132.43415790253295,Used cars and trucks
2012,apparel,BLS CPI-U,CUUR0000SAA,126.26458333333332,102.03333333333336,123.74836654688006,Apparel
2012,cpi_all,BLS CPI-U,CUUR0000SA0,229.59391666666667,103.88333333333333,221.01131076528156,CPI All Items
2012,durables,BLS CPI-U,CUUR0000SAD,112.79025,105.1,107.31707897240723,Durable goods
2012,education_communication,BLS CPI-U,CUUR0000SAE,133.84433333333334,,,Education and communication
2012,energy,BLS CPI-U,CUUR0000SA0E,246.08041666666668,100.925,243.8250350920651,Energy
2012,food,BLS CPI-U,CUUR0000SAF1,233.77733333333333,103.23333333333332,226.4552793025509,Food
2012,household_furnishings,BLS CPI-U,CUUR0000SAH3,125.749,101.85833333333332,123.45479833101531,Household furnishings
2012,medical_care,BLS CPI-U,CUUR0000SAM,414.9239166666666,106.85833333333332,388.29345706932855,Medical care
2012,new_vehicles,BLS CPI-U,CUUR0000SETA01,144.23208333333332,102.63333333333333,140.53142253978564,New vehicles
2012,recreation,BLS CPI-U,CUUR0000SAR,114.70258333333334,,,Recreation goods/services
2012,rent_primary_residence,BLS CPI-U,CUUR0000SEHA,260.3668333333333,105.29166666666669,247.28151958844475,Rent
2012,shelter,BLS CPI-U,CUUR0000SAH1,257.0835,103.99166666666667,247.21548200977642,Shelter
2012,transportation,BLS CPI-U,CUUR0000SAT,217.33741666666663,103.71666666666664,209.54917242487548,Transportation
2012,used_cars_trucks,BLS CPI-U,CUUR0000SETA02,150.33016666666666,112.51666666666668,133.60702118204708,Used cars and trucks
2013,apparel,BLS CPI-U,CUUR0000SAA,127.41133333333332,102.03333333333336,124.87226396602414,Apparel
2013,cpi_all,BLS CPI-U,CUUR0000SA0,232.95708333333332,103.88333333333333,224.24875661800095,CPI All Items
2013,durables,BLS CPI-U,CUUR0000SAD,111.88875,105.1,106.45932445290201,Durable goods
2013,education_communication,BLS CPI-U,CUUR0000SAE,135.88633333333334,,,Education and communication
2013,energy,BLS CPI-U,CUUR0000SA0E,244.4095,100.925,242.16943274708945,Energy
2013,food,BLS CPI-U,CUUR0000SAF1,237.03691666666668,103.23333333333332,229.61277042299005,Food
2013,household_furnishings,BLS CPI-U,CUUR0000SAH3,124.7645,101.85833333333332,122.48825983801032,Household furnishings
2013,medical_care,BLS CPI-U,CUUR0000SAM,425.1345,106.85833333333332,397.8487093503861,Medical care
2013,new_vehicles,BLS CPI-U,CUUR0000SETA01,145.78333333333333,102.63333333333333,142.04287106203313,New vehicles
2013,recreation,BLS CPI-U,CUUR0000SAR,115.26608333333331,,,Recreation goods/services
2013,rent_primary_residence,BLS CPI-U,CUUR0000SEHA,267.7245833333333,105.29166666666669,254.26948951325676,Rent
2013,shelter,BLS CPI-U,CUUR0000SAH1,263.05575,103.99166666666667,252.9584902636429,Shelter
2013,transportation,BLS CPI-U,CUUR0000SAT,217.4115833333333,103.71666666666664,209.62068134340353,Transportation
2013,used_cars_trucks,BLS CPI-U,CUUR0000SETA02,149.88683333333333,112.51666666666668,133.2130054806695,Used cars and trucks
2014,apparel,BLS CPI-U,CUUR0000SAA,127.51425,102.03333333333336,124.9731296961777,Apparel
2014,cpi_all,BLS CPI-U,CUUR0000SA0,236.73616666666663,103.88333333333333,227.88657147441035,CPI All Items
2014,durables,BLS CPI-U,CUUR0000SAD,110.34933333333332,105.1,104.99460830954645,Durable goods
2014,education_communication,BLS CPI-U,CUUR0000SAE,137.51791666666665,,,Education and communication
2014,energy,BLS CPI-U,CUUR0000SA0E,243.5834166666667,100.925,241.3509206506482,Energy
2014,food,BLS CPI-U,CUUR0000SAF1,242.7245,103.23333333333332,235.12221504681955,Food
2014,household_furnishings,BLS CPI-U,CUUR0000SAH3,123.14725,101.85833333333332,120.90051542174591,Household furnishings
2014,medical_care,BLS CPI-U,CUUR0000SAM,435.29225,106.85833333333332,407.3545192232707,Medical care
2014,new_vehicles,BLS CPI-U,CUUR0000SETA01,146.27483333333333,102.63333333333333,142.52176031178956,New vehicles
2014,recreation,BLS CPI-U,CUUR0000SAR,115.54341666666666,,,Recreation goods/services
2014,rent_primary_residence,BLS CPI-U,CUUR0000SEHA,276.1619166666667,105.29166666666669,262.28278591214877,Rent
2014,shelter,BLS CPI-U,CUUR0000SAH1,270.513,103.99166666666667,260.12949755589386,Shelter
2014,transportation,BLS CPI-U,CUUR0000SAT,215.93925,103.71666666666664,208.20110878997272,Transportation
2014,used_cars_trucks,BLS CPI-U,CUUR0000SETA02,149.09375,112.51666666666668,132.50814694119387,Used cars and trucks
2015,apparel,BLS CPI-U,CUUR0000SAA,125.9025,102.03333333333336,123.3934988565828,Apparel
2015,cpi_all,BLS CPI-U,CUUR0000SA0,237.017,103.88333333333333,228.1569067864592,CPI All Items
2015,durables,BLS CPI-U,CUUR0000SAD,109.11608333333334,105.1,103.82120202981288,Durable goods
2015,education_communication,BLS CPI-U,CUUR0000SAE,138.2085,,,Education and communication
2015,energy,BLS CPI-U,CUUR0000SA0E,202.895,100.925,201.03542234332426,Energy
2015,food,BLS CPI-U,CUUR0000SAF1,247.2348333333333,103.23333333333332,239.49128188569583,Food
2015,household_furnishings,BLS CPI-U,CUUR0000SAH3,122.60433333333332,101.85833333333332,120.36750388611634,Household furnishings
2015,medical_care,BLS CPI-U,CUUR0000SAM,446.7520833333333,106.85833333333332,418.07884270451535,Medical care
2015,new_vehicles,BLS CPI-U,CUUR0000SETA01,147.135,102.63333333333333,143.35985709645988,New vehicles
2015,recreation,BLS CPI-U,CUUR0000SAR,115.94141666666668,,,Recreation goods/services
2015,rent_primary_residence,BLS CPI-U,CUUR0000SEHA,286.03191666666663,105.29166666666669,271.6567471309853,Rent
2015,shelter,BLS CPI-U,CUUR0000SAH1,278.80266666666665,103.99166666666667,268.1009696289766,Shelter
2015,transportation,BLS CPI-U,CUUR0000SAT,199.0665833333333,103.71666666666664,191.93307086614175,Transportation
2015,used_cars_trucks,BLS CPI-U,CUUR0000SETA02,147.1195,112.51666666666668,130.7535179973337,Used cars and trucks
2016,apparel,BLS CPI-U,CUUR0000SAA,126.04533333333332,102.03333333333336,123.53348578895782,Apparel
2016,cpi_all,BLS CPI-U,CUUR0000SA0,240.00716666666665,103.88333333333333,231.03529600513397,CPI All Items
2016,durables,BLS CPI-U,CUUR0000SAD,107.27908333333332,105.1,102.07334284808118,Durable goods
2016,education_communication,BLS CPI-U,CUUR0000SAE,139.13325,,,Education and communication
2016,energy,BLS CPI-U,CUUR0000SA0E,189.53491666666665,100.925,187.79778713566176,Energy
2016,food,BLS CPI-U,CUUR0000SAF1,247.93125,103.23333333333332,240.16588634162096,Food
2016,household_furnishings,BLS CPI-U,CUUR0000SAH3,121.61483333333332,101.85833333333332,119.39605661457908,Household furnishings
2016,medical_care,BLS CPI-U,CUUR0000SAM,463.6746666666667,106.85833333333332,433.9153084301646,Medical care
2016,new_vehicles,BLS CPI-U,CUUR0000SETA01,147.3575,102.63333333333333,143.57664826242288,New vehicles
2016,recreation,BLS CPI-U,CUUR0000SAR,116.98441666666666,,,Recreation goods/services
2016,rent_primary_residence,BLS CPI-U,CUUR0000SEHA,296.82041666666663,105.29166666666669,281.90304709141265,Rent
2016,shelter,BLS CPI-U,CUUR0000SAH1,288.23,103.99166666666667,277.1664396185592,Shelter
2016,transportation,BLS CPI-U,CUUR0000SAT,194.8935833333333,103.71666666666664,187.9096095130966,Transportation
2016,used_cars_trucks,BLS CPI-U,CUUR0000SETA02,143.48833333333332,112.51666666666668,127.52629240112572,Used cars and trucks
2017,apparel,BLS CPI-U,CUUR0000SAA,125.612,102.03333333333336,123.108787977785,Apparel
2017,cpi_all,BLS CPI-U,CUUR0000SA0,245.1195833333333,103.88333333333333,235.9566019573239,CPI All Items
2017,durables,BLS CPI-U,CUUR0000SAD,105.28291666666668,105.1,100.17404059625754,Durable goods
2017,education_communication,BLS CPI-U,CUUR0000SAE,136.50675,,,Education and communication
2017,energy,BLS CPI-U,CUUR0000SA0E,204.53975,100.925,202.66509784493434,Energy
2017,food,BLS CPI-U,CUUR0000SAF1,250.06491666666668,103.23333333333332,242.2327252179529,Food
2017,household_furnishings,BLS CPI-U,CUUR0000SAH3,120.71591666666666,101.85833333333332,118.51354004745154,Household furnishings
2017,medical_care,BLS CPI-U,CUUR0000SAM,475.32183333333336,106.85833333333332,444.81494190127125,Medical care
2017,new_vehicles,BLS CPI-U,CUUR0000SETA01,146.99224999999998,102.63333333333333,143.22076973043195,New vehicles
2017,recreation,BLS CPI-U,CUUR0000SAR,118.50383333333332,,,Recreation goods/services
2017,rent_primary_residence,BLS CPI-U,CUUR0000SEHA,308.14258333333333,105.29166666666669,292.6561931143648,Rent
2017,shelter,BLS CPI-U,CUUR0000SAH1,297.80325,103.99166666666667,286.37222533856874,Shelter
2017,transportation,BLS CPI-U,CUUR0000SAT,201.5650833333333,103.71666666666664,194.34203760244256,Transportation
2017,used_cars_trucks,BLS CPI-U,CUUR0000SETA02,138.259,112.51666666666668,122.87868463931267,Used cars and trucks
2018,apparel,BLS CPI-U,CUUR0000SAA,125.65441666666668,102.03333333333336,123.15035935968635,Apparel
2018,cpi_all,BLS CPI-U,CUUR0000SA0,251.10683333333336,103.88333333333333,241.72003850473288,CPI All Items
2018,durables,BLS CPI-U,CUUR0000SAD,104.42033333333336,105.1,99.35331430383765,Durable goods
2018,education_communication,BLS CPI-U,CUUR0000SAE,136.78641666666667,,,Education and communication
2018,energy,BLS CPI-U,CUUR0000SA0E,219.9413333333333,100.925,217.9255222524977,Energy
2018,food,BLS CPI-U,CUUR0000SAF1,253.55816666666664,103.23333333333332,245.6165644171779,Food
2018,household_furnishings,BLS CPI-U,CUUR0000SAH3,121.56608333333334,101.85833333333332,119.34819602388941,Household furnishings
2018,medical_care,BLS CPI-U,CUUR0000SAM,484.7070000000001,106.85833333333332,453.59775403571723,Medical care
2018,new_vehicles,BLS CPI-U,CUUR0000SETA01,146.28666666666666,102.63333333333333,142.53329002923027,New vehicles
2018,recreation,BLS CPI-U,CUUR0000SAR,119.091,,,Recreation goods/services
2018,rent_primary_residence,BLS CPI-U,CUUR0000SEHA,319.28875,105.29166666666669,303.24218440838933,Rent
2018,shelter,BLS CPI-U,CUUR0000SAH1,307.66275,103.99166666666667,295.85327349947914,Shelter
2018,transportation,BLS CPI-U,CUUR0000SAT,210.6635,103.71666666666664,203.11441426964493,Transportation
2018,used_cars_trucks,BLS CPI-U,CUUR0000SETA02,138.385,112.51666666666668,122.99066804917788,Used cars and trucks
2019,apparel,BLS CPI-U,CUUR0000SAA,124.05166666666666,102.03333333333336,121.57954916693888,Apparel
2019,cpi_all,BLS CPI-U,CUUR0000SA0,255.65741666666668,103.88333333333333,246.10051339643832,CPI All Items
2019,durables,BLS CPI-U,CUUR0000SAD,104.78066666666666,105.1,99.69616238503014,Durable goods
2019,education_communication,BLS CPI-U,CUUR0000SAE,137.78966666666665,,,Education and communication
2019,energy,BLS CPI-U,CUUR0000SA0E,215.29408333333333,100.925,213.32086532903972,Energy
2019,food,BLS CPI-U,CUUR0000SAF1,258.3161666666667,103.23333333333332,250.22554084598002,Food
2019,household_furnishings,BLS CPI-U,CUUR0000SAH3,123.79741666666666,101.85833333333332,121.53882025689275,Household furnishings
2019,medical_care,BLS CPI-U,CUUR0000SAM,498.41333333333336,106.85833333333332,466.4243936676286,Medical care
2019,new_vehicles,BLS CPI-U,CUUR0000SETA01,146.834,102.63333333333333,143.06658005846054,New vehicles
2019,recreation,BLS CPI-U,CUUR0000SAR,120.61541666666666,,,Recreation goods/services
2019,rent_primary_residence,BLS CPI-U,CUUR0000SEHA,331.12375000000003,105.29166666666669,314.4823901859913,Rent
2019,shelter,BLS CPI-U,CUUR0000SAH1,318.0534166666667,103.99166666666667,305.8450997676096,Shelter
2019,transportation,BLS CPI-U,CUUR0000SAT,210.06825,103.71666666666664,202.54049493813278,Transportation
2019,used_cars_trucks,BLS CPI-U,CUUR0000SETA02,139.76308333333336,112.51666666666668,124.2154495630277,Used cars and trucks
2020,apparel,BLS CPI-U,CUUR0000SAA,118.07866666666666,102.03333333333336,115.72557987585752,Apparel
2020,cpi_all,BLS CPI-U,CUUR0000SA0,258.8111666666667,103.88333333333333,249.1363709289267,CPI All Items
2020,durables,BLS CPI-U,CUUR0000SAD,105.72258333333332,105.1,100.59237234379954,Durable goods
2020,education_communication,BLS CPI-U,CUUR0000SAE,140.29983333333334,,,Education and communication
2020,energy,BLS CPI-U,CUUR0000SA0E,196.94933333333333,100.925,195.1442490298076,Energy
2020,food,BLS CPI-U,CUUR0000SAF1,267.21933333333334,103.23333333333332,258.849854698095,Food
2020,household_furnishings,BLS CPI-U,CUUR0000SAH3,125.92641666666668,101.85833333333332,123.62897815593557,Household furnishings
2020,medical_care,BLS CPI-U,CUUR0000SAM,518.8755,106.85833333333332,485.57326678624355,Medical care
2020,new_vehicles,BLS CPI-U,CUUR0000SETA01,147.60025,102.63333333333333,143.81316986034426,New vehicles
2020,recreation,BLS CPI-U,CUUR0000SAR,122.24183333333332,,,Recreation goods/services
2020,rent_primary_residence,BLS CPI-U,CUUR0000SEHA,341.46775,105.29166666666669,324.30652948159866,Rent
2020,shelter,BLS CPI-U,CUUR0000SAH1,325.88550000000004,103.99166666666667,313.3765526083821,Shelter
2020,transportation,BLS CPI-U,CUUR0000SAT,201.33425,103.71666666666664,194.1194761369115,Transportation
2020,used_cars_trucks,BLS CPI-U,CUUR0000SETA02,144.22125,112.51666666666668,128.17767738112872,Used cars and trucks
2021,apparel,BLS CPI-U,CUUR0000SAA,120.99266666666666,102.03333333333336,118.58150931068275,Apparel
2021,cpi_all,BLS CPI-U,CUUR0000SA0,270.96975000000003,103.88333333333333,260.8404460131558,CPI All Items
2021,durables,BLS CPI-U,CUUR0000SAD,116.92333333333332,105.1,111.24960355217253,Durable goods
2021,education_communication,BLS CPI-U,CUUR0000SAE,142.61233333333334,,,Education and communication
2021,energy,BLS CPI-U,CUUR0000SA0E,238.32483333333332,100.925,236.14053339938897,Energy
2021,food,BLS CPI-U,CUUR0000SAF1,277.75558333333333,103.23333333333332,269.05610268001294,Food
2021,household_furnishings,BLS CPI-U,CUUR0000SAH3,131.5815,101.85833333333332,129.18088848891435,Household furnishings
2021,medical_care,BLS CPI-U,CUUR0000SAM,525.2764166666667,106.85833333333332,491.5633627076348,Medical care
2021,new_vehicles,BLS CPI-U,CUUR0000SETA01,156.24041666666668,102.63333333333333,152.23164988632675,New vehicles
2021,recreation,BLS CPI-U,CUUR0000SAR,125.17958333333333,,,Recreation goods/services
2021,rent_primary_residence,BLS CPI-U,CUUR0000SEHA,349.13466666666665,105.29166666666669,331.588128215275,Rent
2021,shelter,BLS CPI-U,CUUR0000SAH1,334.5745833333333,103.99166666666667,321.7321099447071,Shelter
2021,transportation,BLS CPI-U,CUUR0000SAT,230.657,103.71666666666664,222.3914510686165,Transportation
2021,used_cars_trucks,BLS CPI-U,CUUR0000SETA02,182.62833333333333,112.51666666666668,162.31225003703153,Used cars and trucks
2022,apparel,BLS CPI-U,CUUR0000SAA,127.08075,102.03333333333336,124.54826853969287,Apparel
2022,cpi_all,BLS CPI-U,CUUR0000SA0,292.6549166666667,103.88333333333333,281.71498475854327,CPI All Items
2022,durables,BLS CPI-U,CUUR0000SAD,128.07691666666668,105.1,121.86195686647639,Durable goods
2022,education_communication,BLS CPI-U,CUUR0000SAE,143.80058333333332,,,Education and communication
2022,energy,BLS CPI-U,CUUR0000SA0E,298.2656666666667,100.925,295.53199570638265,Energy
2022,food,BLS CPI-U,CUUR0000SAF1,305.3876666666667,103.23333333333332,295.82273167581536,Food
2022,household_furnishings,BLS CPI-U,CUUR0000SAH3,143.51766666666666,101.85833333333332,140.8992882271128,Household furnishings
2022,medical_care,BLS CPI-U,CUUR0000SAM,546.5535,106.85833333333332,511.47484987912344,Medical care
2022,new_vehicles,BLS CPI-U,CUUR0000SETA01,172.4801666666667,102.63333333333333,168.05472556024688,New vehicles
2022,recreation,BLS CPI-U,CUUR0000SAR,130.84591666666668,,,Recreation goods/services
2022,rent_primary_residence,BLS CPI-U,CUUR0000SEHA,370.199,105.29166666666669,351.59382667194296,Rent
2022,shelter,BLS CPI-U,CUUR0000SAH1,354.2353333333333,103.99166666666667,340.6381921628335,Shelter
2022,transportation,BLS CPI-U,CUUR0000SAT,266.32983333333334,103.71666666666664,256.7859553270128,Transportation
2022,used_cars_trucks,BLS CPI-U,CUUR0000SETA02,205.9081666666667,112.51666666666668,183.0023700192564,Used cars and trucks
2023,apparel,BLS CPI-U,CUUR0000SAA,130.57866666666666,102.03333333333336,127.97647827507348,Apparel
2023,cpi_all,BLS CPI-U,CUUR0000SA0,304.7015833333333,103.88333333333333,293.3113268089202,CPI All Items
2023,durables,BLS CPI-U,CUUR0000SAD,126.41516666666666,105.1,120.28084364097684,Durable goods
2023,education_communication,BLS CPI-U,CUUR0000SAE,145.19275000000002,,,Education and communication
2023,energy,BLS CPI-U,CUUR0000SA0E,283.2855833333333,100.925,280.689208157873,Energy
2023,food,BLS CPI-U,CUUR0000SAF1,322.96483333333333,103.23333333333332,312.84937035841136,Food
2023,household_furnishings,BLS CPI-U,CUUR0000SAH3,148.35191666666665,101.85833333333332,145.6453407510431,Household furnishings
2023,medical_care,BLS CPI-U,CUUR0000SAM,549.0843333333333,106.85833333333332,513.8432504094206,Medical care
2023,new_vehicles,BLS CPI-U,CUUR0000SETA01,178.89874999999998,102.63333333333333,174.30862292952256,New vehicles
2023,recreation,BLS CPI-U,CUUR0000SAR,136.10525,,,Recreation goods/services
2023,rent_primary_residence,BLS CPI-U,CUUR0000SEHA,399.6425833333333,105.29166666666669,379.55765730114746,Rent
2023,shelter,BLS CPI-U,CUUR0000SAH1,380.6426666666666,103.99166666666667,366.0318935812164,Shelter
2023,transportation,BLS CPI-U,CUUR0000SAT,266.97841666666665,103.71666666666664,257.4112968021855,Transportation
2023,used_cars_trucks,BLS CPI-U,CUUR0000SETA02,191.22208333333333,112.51666666666668,169.95000740631014,Used cars and trucks
2024,apparel,BLS CPI-U,CUUR0000SAA,131.48266666666666,102.03333333333336,128.86246324730476,Apparel
2024,cpi_all,BLS CPI-U,CUUR0000SA0,313.6888333333333,103.88333333333333,301.9626183218354,CPI All Items
2024,durables,BLS CPI-U,CUUR0000SAD,122.83133333333332,105.1,116.8709165873771,Durable goods
2024,education_communication,BLS CPI-U,CUUR0000SAE,146.06266666666667,,,Education and communication
2024,energy,BLS CPI-U,CUUR0000SA0E,279.5443333333333,100.925,276.98224754355545,Energy
2024,food,BLS CPI-U,CUUR0000SAF1,330.26258333333334,103.23333333333332,319.91855020988055,Food
2024,household_furnishings,BLS CPI-U,CUUR0000SAH3,147.59733333333335,101.85833333333332,144.9045242575473,Household furnishings
2024,medical_care,BLS CPI-U,CUUR0000SAM,563.841,106.85833333333332,527.6528113545972,Medical care
2024,new_vehicles,BLS CPI-U,CUUR0000SETA01,177.88649999999998,102.63333333333333,173.3223449171809,New vehicles
2024,recreation,BLS CPI-U,CUUR0000SAR,138.158,,,Recreation goods/services
2024,rent_primary_residence,BLS CPI-U,CUUR0000SEHA,420.05958333333336,105.29166666666669,398.9485555995251,Rent
2024,shelter,BLS CPI-U,CUUR0000SAH1,400.5614166666667,103.99166666666667,385.1860726019713,Shelter
2024,transportation,BLS CPI-U,CUUR0000SAT,270.68525,103.71666666666664,260.9852964807971,Transportation
2024,used_cars_trucks,BLS CPI-U,CUUR0000SETA02,179.82291666666666,112.51666666666668,159.81891571619016,Used cars and trucks
2025,apparel,BLS CPI-U,CUUR0000SAA,131.31081818181818,102.03333333333336,128.69403938106973,Apparel
2025,cpi_all,BLS CPI-U,CUUR0000SA0,321.943,103.88333333333333,309.90823038665167,CPI All Items
2025,durables,BLS CPI-U,CUUR0000SAD,123.38227272727272,105.1,117.39512152927946,Durable goods
2025,education_communication,BLS CPI-U,CUUR0000SAE,146.742,,,Education and communication
2025,energy,BLS CPI-U,CUUR0000SA0E,279.3534545454545,100.925,276.7931182020852,Energy
2025,food,BLS CPI-U,CUUR0000SAF1,339.51245454545455,103.23333333333332,328.87870960166737,Food
2025,household_furnishings,BLS CPI-U,CUUR0000SAH3,151.69027272727274,101.85833333333332,148.92279086372193,Household furnishings
2025,medical_care,BLS CPI-U,CUUR0000SAM,580.1018181818182,106.85833333333332,542.869985041084,Medical care
2025,new_vehicles,BLS CPI-U,CUUR0000SETA01,178.46241666666666,102.63333333333333,173.88348489769405,New vehicles
2025,recreation,BLS CPI-U,CUUR0000SAR,141.08536363636364,,,Recreation goods/services
2025,rent_primary_residence,BLS CPI-U,CUUR0000SEHA,434.889,105.29166666666669,413.0326869806093,Rent
2025,shelter,BLS CPI-U,CUUR0000SAH1,415.1644545454546,103.99166666666667,399.2285803786726,Shelter
2025,transportation,BLS CPI-U,CUUR0000SAT,272.1120909090909,103.71666666666664,262.3610068221992,Transportation
2025,used_cars_trucks,BLS CPI-U,CUUR0000SETA02,184.931,112.51666666666668,164.35876166493853,Used cars and trucks
